,,,,,,,,,,,,,,,,,,
,※ IF_FLAG: Y(확인) 건 매일 03시 이력 테이블로 이관 후 삭제,,,,,,,,,,,,,,,,,
,※ SOURCE 시스템에서 I/F데이터 등록 (IF_FLAG 컬럼 'C'),,,,,,,,,,,,,,,,,
,※ TARGET 시스템에서 I/F요청 확인 시 IF_FLAG 컬럼 'Y' 업데이트 ,,,,2025-02-07 변경,,,,,,,,,,,,,
,※ TARGET 시스템에서 I/F요청 확인 후 프로세스 처리 완료 시 IF_FLAG 컬럼 'Y' 업데이트,,,,,,,,,,,,,,,,,
,※ DATA1~DATA10 상황코드 별 가변 데이터 필드,,,,,,,,,,,,,,,,,
,,,,,,,,,,,,,,,,,,
,프로세스,코드,내용,SOURCE,I/F흐름,TARGET,I/F Table,컬럼내용,컬럼,설명,,프로세스,SOURCE,,TARGET,CMD,내용,
,입고,AA0,"하차장 배터리
이송요청",입고시스템,→,자동적재 시스템,ITF_CMD_DATA,인터페이스 ID,IF_UID,yyyymmdd-seq(6),,입고,입고시스템,→,자동적재 시스템,AA0,하차장 배터리 이송요청,
,,,,,,,,인테페이스일자,IF_DATE,yyyymmdd,,,자동적재시스템,→,입고시스템,AA1,하차장 배터리 이송완료,
,,,,,,,,커맨드,CMD_CD,AA2,,,입고시스템,→,자동적재 시스템,AA2,입고적재 요청,
,,,,,,,,배터리라벨ID,DATA1,,,,자동적재시스템,→,입고시스템,AA3,입고 완료,
,,,,,,,,하차장 행,DATA2,,,,입고시스템,→,자동적재 시스템,AA4,입고거부,
,,,,,,,,하차장 열,DATA3,,,,자동적재 시스템,→,입고시스템,AA5,입고거부 완료,
,,,,,,,,하차장 단,DATA4,,,활성화/진단,통합관제시스템,→,활성화/진단 시스템,BB0,작업 시작 정보전송,
,,,,,,,,입고대기장소 행,DATA5,,,,활성화/진단 시스템,→,자동적재시스템,BB1,배터리 이송요청,
,,,,,,,,입고대기장소 열,DATA6,,,,자동적재시스템,→,활성화/진단 시스템,BB2,배터리 이송완료,
,,,,,,,,입고대기장소 단,DATA7,,,,활성화/진단 시스템,→,자동체결시스템,BB3,체결 시작,
,,,,,,,,,DATA8,,,,자동체결시스템,→,활성화/진단 시스템,BB4,체결 완료,
,,,,,,,,,DATA9,,,,활성화/진단 시스템,→,자동체결시스템,BB5,체결 완료 확인,
,,,,,,,,,DATA10,,,,활성화/진단 시스템,→,자동체결시스템,BB6,체결 해제 요청,
,,,,,,,,처리여부,IF_FLAG,"C: 요청, Y:확인",,,자동체결시스템,→,활성화/진단 시스템,BB7,체결 해제 완료,
,,,,,,,,요청일시,REQ_TIME,TimeStamp,,,활성화/진단 시스템,→,자동체결시스템,BB8,체결 해제 완료 확인,
,,,,,,,,처리일시,RES_TIME,TimeStamp,,,활성화/진단 시스템,→,자동체결시스템,BB9,재체결 시작,
,,,,,,,,요청시스템,REQ_SYS,,,,자동체결시스템,→,활성화/진단 시스템,BB10,재체결 완료,
,,,,,,,,응답시스템,RES_SYS,,,,활성화/진단 시스템,→,자동체결시스템,BB11,재체결 완료 확인,
,,AA1,"하차장 배터리
이송요청 완료",자동적재 시스템,→,입고시스템,ITF_CMD_DATA,인터페이스 ID,IF_UID,yyyymmdd-seq(6),,활성화,활성화시스템,→,자동적재시스템,CC1,재입고,
,,,,,,,,인테페이스일자,IF_DATE,yyyymmdd,,,자동적재시스템,→,활성화시스템,CC2,재입고 완료,
,,,,,,,,커맨드,CMD_CD,AA2,,진단,진단시스템,→,자동적재시스템,DD1,출고레일 이송 요청,
,,,,,,,,배터리라벨ID,DATA1,,,,자동적재시스템,→,진단시스템,DD2,등급분류 적재창고 적재 완료,
,,,,,,,,하차장 행,DATA2,,,출고,통합관제/출고시스템,→,자동적재시스템,EE1,출고요청,
,,,,,,,,하차장 열,DATA3,,,,자동적재시스템,→,통합관제/출고시스템,EE2,출고 대기장소 적재완료,
,,,,,,,,하차장 단,DATA4,,,,출고시스템,→,자동적재시스템,EE3,배터리 상차장 이송요청,
,,,,,,,,입고대기장소 행,DATA5,,,,자동적재시스템,→,출고시스템,EE4,배터리 상차장 이송완료,
,,,,,,,,입고대기장소 열,DATA6,,,,출고시스템,→,자동적재시스템,EE5,출고취소,
,,,,,,,,입고대기장소 단,DATA7,,,,자동적재시스템,→,출고시스템,EE6,출고취소 완료,
,,,,,,,,,DATA8,,,,출고시스템,→,자동적재시스템,EE7,불량적재 창고 상차장 이송 요청,
,,,,,,,,,DATA9,,,,자동적재시스템,→,출고시스템,EE8,불량적재 창고 상차장 이송 완료,
,,,,,,,,,DATA10,,,불량적재,활성화/진단 시스템,→,자동적재시스템,FF1,불량적재 요청,
,,,,,,,,처리여부,IF_FLAG,"C: 요청, Y:확인",,,자동적재시스템,→,활성화/진단 시스템,FF2,불량적재 창고 적재완료,
,,,,,,,,요청일시,REQ_TIME,TimeStamp,,"불량적재
재입고",출고시스템,→,자동적재시스템,GG1,불량적재 창고 재입고,
,,,,,,,,처리일시,RES_TIME,TimeStamp,,,,,,,,
,,,,,,,,요청시스템,REQ_SYS,,,,,,,,,
,,,,,,,,응답시스템,RES_SYS,,,비상정지,,,,,,
,,AA2,입고적재 요청,입고시스템,→,자동적재 시스템,ITF_CMD_DATA,인터페이스 ID,IF_UID,yyyymmdd-seq(6),,,통합관제 시스템,→,각 시스템,HH3,전체 시스템 비상정지,
,,,,,,,,인테페이스일자,IF_DATE,yyyymmdd,,,통합관제 시스템,→,각 시스템,HH4,전체 시스템 재가동 시작,
,,,,,,,,커맨드,CMD_CD,AA2,,긴급위험,"통합관제 시스템
활성화/진단 시스템",→,전체 시스템,HH5,전체 시스템 비상정지 및 긴급위험 프로세스 진행,
,,,,,,,,배터리라벨ID,DATA1,,,,,,,,,
,,,,,,,,입고대기장소 행,DATA2,,,,,,,,,
,,,,,,,,입고대기장소 열,DATA3,,,"시스템
접속여부",각 시스템,→,통합관제 시스템,"0, 1","0, 1 반복 업데이트",
,,,,,,,,입고대기장소 단,DATA4,,,,,,,,,
,,,,,,,,,DATA5,,,,,,,,,
,,,,,,,,,DATA6,,,,,,,,,
,,,,,,,,,DATA7,,,,,,,,,
,,,,,,,,,DATA8,,,,,,,,,
,,,,,,,,,DATA9,,,,,,,,,
,,,,,,,,,DATA10,,,,,,,,,
,,,,,,,,처리여부,IF_FLAG,"C: 요청, Y:확인",,,,,,,,
,,,,,,,,요청일시,REQ_TIME,TimeStamp,,,,,,,,
,,,,,,,,처리일시,RES_TIME,TimeStamp,,,,,,,,
,,,,,,,,요청시스템,REQ_SYS,,,,,,,,,
,,,,,,,,응답시스템,RES_SYS,,,,,,,,,
,,AA3,입고 완료,자동적재시스템,→,입고시스템,ITF_CMD_DATA,인터페이스 ID,IF_UID,yyyymmdd-seq(6),,,,,,,,
,,,,,,,,인테페이스일자,IF_DATE,yyyymmdd,,,,,,,,
,,,,,,,,커맨드,CMD_CD,AA3,,,,,,,,
,,,,,,,,배터리라벨ID,DATA1,,,,,,,,,
,,,,,,,,할당된 AGV ID,DATA2,,,,,,,,,
,,,,,,,,자동적재창고 적재위치 행,DATA3,,,,,,,,,
,,,,,,,,자동적재창고 적재위치 열,DATA4,,,,,,,,,
,,,,,,,,자동적재창고 적재위치 단,DATA5,,,,,,,,,
,,,,,,,,,DATA6,,,,,,,,,
,,,,,,,,,DATA7,,,,,,,,,
,,,,,,,,,DATA8,,,,,,,,,
,,,,,,,,,DATA9,,,,,,,,,
,,,,,,,,,DATA10,,,,,,,,,
,,,,,,,,처리여부,IF_FLAG,"C: 요청, Y:확인",,,,,,,,
,,,,,,,,요청일시,REQ_TIME,TimeStamp,,,,,,,,
,,,,,,,,처리일시,RES_TIME,TimeStamp,,,,,,,,
,,,,,,,,요청시스템,REQ_SYS,,,,,,,,,
,,,,,,,,응답시스템,RES_SYS,,,,,,,,,
,,AA4,입고거부,입고시스템,→,자동적재 시스템,ITF_CMD_DATA,인터페이스 ID,IF_UID,yyyymmdd-seq(6),,,,,,,,
,,,,,,,,인테페이스일자,IF_DATE,yyyymmdd,,,,,,,,
,,,,,,,,커맨드,CMD_CD,AA4,,,,,,,,
,,,,,,,,배터리라벨ID,DATA1,,,,,,,,,
,,,,,,,,입고대기장소 행,DATA2,,,,,,,,,
,,,,,,,,입고대기장소 열,DATA3,,,,,,,,,
,,,,,,,,입고대기장소 단,DATA4,,,,,,,,,
,,,,,,,,,DATA5,,,,,,,,,
,,,,,,,,,DATA6,,,,,,,,,
,,,,,,,,,DATA7,,,,,,,,,
,,,,,,,,,DATA8,,,,,,,,,
,,,,,,,,,DATA9,,,,,,,,,
,,,,,,,,,DATA10,,,,,,,,,
,,,,,,,,처리여부,IF_FLAG,"C: 요청, Y:확인",,,,,,,,
,,,,,,,,요청일시,REQ_TIME,TimeStamp,,,,,,,,
,,,,,,,,처리일시,RES_TIME,TimeStamp,,,,,,,,
,,,,,,,,요청시스템,REQ_SYS,,,,,,,,,
,,,,,,,,응답시스템,RES_SYS,,,,,,,,,
,,AA5,입고거부 완료,자동적재시스템,→,입고시스템,ITF_CMD_DATA,인터페이스 ID,IF_UID,yyyymmdd-seq(6),,,,,,,,
,,,,,,,,인테페이스일자,IF_DATE,yyyymmdd,,,,,,,,
,,,,,,,,커맨드,CMD_CD,AA5,,,,,,,,
,,,,,,,,배터리라벨ID,DATA1,,,,,,,,,
,,,,,,,,할당된 AGV ID,DATA2,,,,,,,,,
,,,,,,,,불량적재대기장소 적재위치 행,DATA3,,,,,,,,,
,,,,,,,,불량적재대기장소 적재위치 열,DATA4,,,,,,,,,
,,,,,,,,불량적재대기장소 적재위치 단,DATA5,,,,,,,,,
,,,,,,,,,DATA6,,,,,,,,,
,,,,,,,,,DATA7,,,,,,,,,
,,,,,,,,,DATA8,,,,,,,,,
,,,,,,,,,DATA9,,,,,,,,,
,,,,,,,,,DATA10,,,,,,,,,
,,,,,,,,처리여부,IF_FLAG,"C: 요청, Y:확인",,,,,,,,
,,,,,,,,요청일시,REQ_TIME,TimeStamp,,,,,,,,
,,,,,,,,처리일시,RES_TIME,TimeStamp,,,,,,,,
,,,,,,,,요청시스템,REQ_SYS,,,,,,,,,
,,,,,,,,응답시스템,RES_SYS,,,,,,,,,
,활성화/진단,BB0,작업 시작 정보전송,통합관제시스템,→,활성화/진단 시스템,ITF_CMD_DATA,인터페이스 ID,IF_UID,yyyymmdd-seq(6),,,,,,,,
,,,,,,,,인테페이스일자,IF_DATE,yyyymmdd,,,,,,,,
,,,,,,,,커맨드,CMD_CD,BB0,,,,,,,,
,,,,,,,,배터리라벨ID,DATA1,,,,,,,,,
,,,,,,,,활성화/진단 설비코드,DATA2,,,,,,,,,
,,,,,,,,채널ID,DATA3,,,,,,,,,
,,,,,,,,작업구분,DATA4,"1:활성화, 2:진단",,,,,,,,
,,,,,,,,작업유형,DATA5,"0: Remote Manual
1: Remote Schedule",,,,,,,,
,,,,,,,,,DATA6,,,,,,,,,
,,,,,,,,,DATA7,,,,,,,,,
,,,,,,,,,DATA8,,,,,,,,,
,,,,,,,,,DATA9,,,,,,,,,
,,,,,,,,,DATA10,,,,,,,,,
,,,,,,,,처리여부,IF_FLAG,"C: 요청, Y:확인",,,,,,,,
,,,,,,,,요청일시,REQ_TIME,TimeStamp,,,,,,,,
,,,,,,,,처리일시,RES_TIME,TimeStamp,,,,,,,,
,,,,,,,,요청시스템,REQ_SYS,,,,,,,,,
,,,,,,,,응답시스템,RES_SYS,,,,,,,,,
,,BB1,배터리 이송요청,활성화/진단 시스템,→,자동적재 시스템,ITF_CMD_DATA,인터페이스 ID,IF_UID,yyyymmdd-seq(6),,,,,,,,
,,,,,,,,인테페이스일자,IF_DATE,yyyymmdd,,,,,,,,
,,,,,,,,커맨드,CMD_CD,BB1,,,,,,,,
,,,,,,,,배터리라벨ID,DATA1,,,,,,,,,
,,,,,,,,활성화/진단 설비코드,DATA2,,,,,,,,,
,,,,,,,,채널ID,DATA3,,,,,,,,,
,,,,,,,,작업구분,DATA4,"1:활성화, 2:진단",,,,,,,,
,,,,,,,,,DATA5,,,,,,,,,
,,,,,,,,,DATA6,,,,,,,,,
,,,,,,,,,DATA7,,,,,,,,,
,,,,,,,,,DATA8,,,,,,,,,
,,,,,,,,,DATA9,,,,,,,,,
,,,,,,,,,DATA10,,,,,,,,,
,,,,,,,,처리여부,IF_FLAG,"C: 요청, Y:확인",,,,,,,,
,,,,,,,,요청일시,REQ_TIME,TimeStamp,,,,,,,,
,,,,,,,,처리일시,RES_TIME,TimeStamp,,,,,,,,
,,,,,,,,요청시스템,REQ_SYS,,,,,,,,,
,,,,,,,,응답시스템,RES_SYS,,,,,,,,,
,,BB2,배터리 이송완료,자동적재 시스템,→,활성화/진단 시스템,ITF_CMD_DATA,인터페이스 ID,IF_UID,yyyymmdd-seq(6),,,,,,,,
,,,,,,,,인테페이스일자,IF_DATE,yyyymmdd,,,,,,,,
,,,,,,,,커맨드,CMD_CD,BB2,,,,,,,,
,,,,,,,,배터리라벨ID,DATA1,,,,,,,,,
,,,,,,,,활성화/진단 설비코드,DATA2,,,,,,,,,
,,,,,,,,채널ID,DATA3,,,,,,,,,
,,,,,,,,,DATA4,,,,,,,,,
,,,,,,,,,DATA5,,,,,,,,,
,,,,,,,,,DATA6,,,,,,,,,
,,,,,,,,,DATA7,,,,,,,,,
,,,,,,,,,DATA8,,,,,,,,,
,,,,,,,,,DATA9,,,,,,,,,
,,,,,,,,,DATA10,,,,,,,,,
,,,,,,,,,IF_FLAG,"C: 요청, Y:확인",,,,,,,,
,,,,,,,,요청일시,REQ_TIME,TimeStamp,,,,,,,,
,,,,,,,,처리일시,RES_TIME,TimeStamp,,,,,,,,
,,,,,,,,요청시스템,REQ_SYS,,,,,,,,,
,,,,,,,,응답시스템,RES_SYS,,,,,,,,,
,,BB3,체결 시작,활성화/진단 시스템,→,자동체결 시스템,ITF_CMD_DATA,인터페이스 ID,IF_UID,yyyymmdd-seq(6),,,,,,,,
,,,,,,,,인테페이스일자,IF_DATE,yyyymmdd,,,,,,,,
,,,,,,,,커맨드,CMD_CD,BB3,,,,,,,,
,,,,,,,,배터리라벨ID,DATA1,,,,,,,,,
,,,,,,,,활성화/진단 설비코드,DATA2,,,,,,,,,
,,,,,,,,채널ID,DATA3,,,,,,,,,
,,,,,,,,커넥터타입,DATA4,AAA,,,,,,,,
,,,,,,,,,DATA5,,,,,,,,,
,,,,,,,,,DATA6,,,,,,,,,
,,,,,,,,,DATA7,,,,,,,,,
,,,,,,,,,DATA8,,,,,,,,,
,,,,,,,,,DATA9,,,,,,,,,
,,,,,,,,,DATA10,,,,,,,,,
,,,,,,,,처리여부,IF_FLAG,"C: 요청, Y:확인",,,,,,,,
,,,,,,,,요청일시,REQ_TIME,TimeStamp,,,,,,,,
,,,,,,,,처리일시,RES_TIME,TimeStamp,,,,,,,,
,,,,,,,,요청시스템,REQ_SYS,,,,,,,,,
,,,,,,,,응답시스템,RES_SYS,,,,,,,,,
,,BB4,체결 완료,자동체결 시스템,→,활성화/진단 시스템,ITF_CMD_DATA,인터페이스 ID,IF_UID,yyyymmdd-seq(6),,,,,,,,
,,,,,,,,인테페이스일자,IF_DATE,yyyymmdd,,,,,,,,
,,,,,,,,커맨드,CMD_CD,BB4,,,,,,,,
,,,,,,,,배터리라벨ID,DATA1,,,,,,,,,
,,,,,,,,활성화/진단 설비코드,DATA2,,,,,,,,,
,,,,,,,,채널ID,DATA3,,,,,,,,,
,,,,,,,,,DATA4,,,,,,,,,
,,,,,,,,,DATA5,,,,,,,,,
,,,,,,,,,DATA6,,,,,,,,,
,,,,,,,,,DATA7,,,,,,,,,
,,,,,,,,,DATA8,,,,,,,,,
,,,,,,,,,DATA9,,,,,,,,,
,,,,,,,,,DATA10,,,,,,,,,
,,,,,,,,처리여부,IF_FLAG,"C: 요청, Y:확인",,,,,,,,
,,,,,,,,요청일시,REQ_TIME,TimeStamp,,,,,,,,
,,,,,,,,처리일시,RES_TIME,TimeStamp,,,,,,,,
,,,,,,,,요청시스템,REQ_SYS,,,,,,,,,
,,,,,,,,응답시스템,RES_SYS,,,,,,,,,
,,BB5,체결 완료 확인,활성화/진단 시스템,→,자동체결 시스템,ITF_CMD_DATA,인터페이스 ID,IF_UID,yyyymmdd-seq(6),,,,,,,,
,,,,,,,,인테페이스일자,IF_DATE,yyyymmdd,,,,,,,,
,,,,,,,,커맨드,CMD_CD,BB5,,,,,,,,
,,,,,,,,배터리라벨ID,DATA1,,,,,,,,,
,,,,,,,,활성화/진단 설비코드,DATA2,,,,,,,,,
,,,,,,,,채널ID,DATA3,,,,,,,,,
,,,,,,,,,DATA4,,,,,,,,,
,,,,,,,,,DATA5,,,,,,,,,
,,,,,,,,,DATA6,,,,,,,,,
,,,,,,,,,DATA7,,,,,,,,,
,,,,,,,,,DATA8,,,,,,,,,
,,,,,,,,,DATA9,,,,,,,,,
,,,,,,,,,DATA10,,,,,,,,,
,,,,,,,,처리여부,IF_FLAG,"C: 요청, Y:확인",,,,,,,,
,,,,,,,,요청일시,REQ_TIME,TimeStamp,,,,,,,,
,,,,,,,,처리일시,RES_TIME,TimeStamp,,,,,,,,
,,,,,,,,요청시스템,REQ_SYS,,,,,,,,,
,,,,,,,,응답시스템,RES_SYS,,,,,,,,,
,,BB6,체결 해제 요청,활성화/진단 시스템,→,자동체결 시스템,ITF_CMD_DATA,인터페이스 ID,IF_UID,yyyymmdd-seq(6),,,,,,,,
,,,,,,,,인테페이스일자,IF_DATE,yyyymmdd,,,,,,,,
,,,,,,,,커맨드,CMD_CD,BB6,,,,,,,,
,,,,,,,,배터리라벨ID,DATA1,,,,,,,,,
,,,,,,,,활성화/진단 설비코드,DATA2,,,,,,,,,
,,,,,,,,채널ID,DATA3,,,,,,,,,
,,,,,,,,커넥터타입,DATA4,AAA,,,,,,,,
,,,,,,,,,DATA5,,,,,,,,,
,,,,,,,,,DATA6,,,,,,,,,
,,,,,,,,,DATA7,,,,,,,,,
,,,,,,,,,DATA8,,,,,,,,,
,,,,,,,,,DATA9,,,,,,,,,
,,,,,,,,,DATA10,,,,,,,,,
,,,,,,,,처리여부,IF_FLAG,"C: 요청, Y:확인",,,,,,,,
,,,,,,,,요청일시,REQ_TIME,TimeStamp,,,,,,,,
,,,,,,,,처리일시,RES_TIME,TimeStamp,,,,,,,,
,,,,,,,,요청시스템,REQ_SYS,,,,,,,,,
,,,,,,,,응답시스템,RES_SYS,,,,,,,,,
,,BB7,체결 해제 완료,자동체결 시스템,→,활성화/진단 시스템,ITF_CMD_DATA,인터페이스 ID,IF_UID,yyyymmdd-seq(6),,,,,,,,
,,,,,,,,인테페이스일자,IF_DATE,yyyymmdd,,,,,,,,
,,,,,,,,커맨드,CMD_CD,BB7,,,,,,,,
,,,,,,,,배터리라벨ID,DATA1,,,,,,,,,
,,,,,,,,활성화/진단 설비코드,DATA2,,,,,,,,,
,,,,,,,,채널ID,DATA3,,,,,,,,,
,,,,,,,,,DATA4,,,,,,,,,
,,,,,,,,,DATA5,,,,,,,,,
,,,,,,,,,DATA6,,,,,,,,,
,,,,,,,,,DATA7,,,,,,,,,
,,,,,,,,,DATA8,,,,,,,,,
,,,,,,,,,DATA9,,,,,,,,,
,,,,,,,,,DATA10,,,,,,,,,
,,,,,,,,처리여부,IF_FLAG,"C: 요청, Y:확인",,,,,,,,
,,,,,,,,요청일시,REQ_TIME,TimeStamp,,,,,,,,
,,,,,,,,처리일시,RES_TIME,TimeStamp,,,,,,,,
,,,,,,,,요청시스템,REQ_SYS,,,,,,,,,
,,,,,,,,응답시스템,RES_SYS,,,,,,,,,
,,BB8,체결 해제 완료 확인,활성화/진단 시스템,→,자동체결 시스템,ITF_CMD_DATA,인터페이스 ID,IF_UID,yyyymmdd-seq(6),,,,,,,,
,,,,,,,,인테페이스일자,IF_DATE,yyyymmdd,,,,,,,,
,,,,,,,,커맨드,CMD_CD,BB8,,,,,,,,
,,,,,,,,배터리라벨ID,DATA1,,,,,,,,,
,,,,,,,,활성화/진단 설비코드,DATA2,,,,,,,,,
,,,,,,,,채널ID,DATA3,,,,,,,,,
,,,,,,,,,DATA4,,,,,,,,,
,,,,,,,,,DATA5,,,,,,,,,
,,,,,,,,,DATA6,,,,,,,,,
,,,,,,,,,DATA7,,,,,,,,,
,,,,,,,,,DATA8,,,,,,,,,
,,,,,,,,,DATA9,,,,,,,,,
,,,,,,,,,DATA10,,,,,,,,,
,,,,,,,,처리여부,IF_FLAG,"C: 요청, Y:확인",,,,,,,,
,,,,,,,,요청일시,REQ_TIME,TimeStamp,,,,,,,,
,,,,,,,,처리일시,RES_TIME,TimeStamp,,,,,,,,
,,,,,,,,요청시스템,REQ_SYS,,,,,,,,,
,,,,,,,,응답시스템,RES_SYS,,,,,,,,,
,,BB9,재체결 시작,활성화/진단 시스템,→,자동체결 시스템,ITF_CMD_DATA,인터페이스 ID,IF_UID,yyyymmdd-seq(6),,,,,,,,
,,,,,,,,인테페이스일자,IF_DATE,yyyymmdd,,,,,,,,
,,,,,,,,커맨드,CMD_CD,BB9,,,,,,,,
,,,,,,,,배터리라벨ID,DATA1,,,,,,,,,
,,,,,,,,활성화/진단 설비코드,DATA2,,,,,,,,,
,,,,,,,,채널ID,DATA3,,,,,,,,,
,,,,,,,,커넥터타입,DATA4,AAA,,,,,,,,
,,,,,,,,,DATA5,,,,,,,,,
,,,,,,,,,DATA6,,,,,,,,,
,,,,,,,,,DATA7,,,,,,,,,
,,,,,,,,,DATA8,,,,,,,,,
,,,,,,,,,DATA9,,,,,,,,,
,,,,,,,,,DATA10,,,,,,,,,
,,,,,,,,처리여부,IF_FLAG,"C: 요청, Y:확인",,,,,,,,
,,,,,,,,요청일시,REQ_TIME,TimeStamp,,,,,,,,
,,,,,,,,처리일시,RES_TIME,TimeStamp,,,,,,,,
,,,,,,,,요청시스템,REQ_SYS,,,,,,,,,
,,,,,,,,응답시스템,RES_SYS,,,,,,,,,
,,BB10,재체결 완료,자동체결 시스템,→,활성화/진단 시스템,ITF_CMD_DATA,인터페이스 ID,IF_UID,yyyymmdd-seq(6),,,,,,,,
,,,,,,,,인테페이스일자,IF_DATE,yyyymmdd,,,,,,,,
,,,,,,,,커맨드,CMD_CD,BB10,,,,,,,,
,,,,,,,,배터리라벨ID,DATA1,,,,,,,,,
,,,,,,,,활성화/진단 설비코드,DATA2,,,,,,,,,
,,,,,,,,채널ID,DATA3,,,,,,,,,
,,,,,,,,,DATA4,,,,,,,,,
,,,,,,,,,DATA5,,,,,,,,,
,,,,,,,,,DATA6,,,,,,,,,
,,,,,,,,,DATA7,,,,,,,,,
,,,,,,,,,DATA8,,,,,,,,,
,,,,,,,,,DATA9,,,,,,,,,
,,,,,,,,,DATA10,,,,,,,,,
,,,,,,,,처리여부,IF_FLAG,"C: 요청, Y:확인",,,,,,,,
,,,,,,,,요청일시,REQ_TIME,TimeStamp,,,,,,,,
,,,,,,,,처리일시,RES_TIME,TimeStamp,,,,,,,,
,,,,,,,,요청시스템,REQ_SYS,,,,,,,,,
,,,,,,,,응답시스템,RES_SYS,,,,,,,,,
,,BB11,"재체결 완료 확인
(자동체결로봇 
이동허가)",활성화/진단 시스템,→,자동체결 시스템,ITF_CMD_DATA,인터페이스 ID,IF_UID,yyyymmdd-seq(6),,,,,,,,
,,,,,,,,인테페이스일자,IF_DATE,yyyymmdd,,,,,,,,
,,,,,,,,커맨드,CMD_CD,BB11,,,,,,,,
,,,,,,,,배터리라벨ID,DATA1,,,,,,,,,
,,,,,,,,활성화/진단 설비코드,DATA2,,,,,,,,,
,,,,,,,,채널ID,DATA3,,,,,,,,,
,,,,,,,,,DATA4,,,,,,,,,
,,,,,,,,,DATA5,,,,,,,,,
,,,,,,,,,DATA6,,,,,,,,,
,,,,,,,,,DATA7,,,,,,,,,
,,,,,,,,,DATA8,,,,,,,,,
,,,,,,,,,DATA9,,,,,,,,,
,,,,,,,,,DATA10,,,,,,,,,
,,,,,,,,처리여부,IF_FLAG,"C: 요청, Y:확인",,,,,,,,
,,,,,,,,요청일시,REQ_TIME,TimeStamp,,,,,,,,
,,,,,,,,처리일시,RES_TIME,TimeStamp,,,,,,,,
,,,,,,,,요청시스템,REQ_SYS,,,,,,,,,
,,,,,,,,응답시스템,RES_SYS,,,,,,,,,
,활성화,CC1,재입고 요청,활성화 시스템,→,자동적재 시스템,ITF_CMD_DATA,인터페이스 ID,IF_UID,yyyymmdd-seq(6),,,,,,,,
,,,,,,,,인테페이스일자,IF_DATE,yyyymmdd,,,,,,,,
,,,,,,,,커맨드,CMD_CD,CC1,,,,,,,,
,,,,,,,,배터리라벨ID,DATA1,,,,,,,,,
,,,,,,,,활성화/진단 설비코드,DATA2,,,,,,,,,
,,,,,,,,채널ID,DATA3,,,,,,,,,
,,,,,,,,,DATA4,,,,,,,,,
,,,,,,,,,DATA5,,,,,,,,,
,,,,,,,,,DATA6,,,,,,,,,
,,,,,,,,,DATA7,,,,,,,,,
,,,,,,,,,DATA8,,,,,,,,,
,,,,,,,,,DATA9,,,,,,,,,
,,,,,,,,,DATA10,,,,,,,,,
,,,,,,,,처리여부,IF_FLAG,"C: 요청, Y:확인",,,,,,,,
,,,,,,,,요청일시,REQ_TIME,TimeStamp,,,,,,,,
,,,,,,,,처리일시,RES_TIME,TimeStamp,,,,,,,,
,,,,,,,,요청시스템,REQ_SYS,,,,,,,,,
,,,,,,,,응답시스템,RES_SYS,,,,,,,,,
,,CC2,재입고 완료,자동적재 시스템,→,활성화 시스템,ITF_CMD_DATA,인터페이스 ID,IF_UID,yyyymmdd-seq(6),,,,,,,,
,,,,,,,,인테페이스일자,IF_DATE,yyyymmdd,,,,,,,,
,,,,,,,,커맨드,CMD_CD,CC2,,,,,,,,
,,,,,,,,배터리라벨ID,DATA1,,,,,,,,,
,,,,,,,,활성화/진단 설비코드,DATA2,,,,,,,,,
,,,,,,,,,DATA3,,,,,,,,,
,,,,,,,,,DATA4,,,,,,,,,
,,,,,,,,,DATA5,,,,,,,,,
,,,,,,,,,DATA6,,,,,,,,,
,,,,,,,,,DATA7,,,,,,,,,
,,,,,,,,,DATA8,,,,,,,,,
,,,,,,,,,DATA9,,,,,,,,,
,,,,,,,,,DATA10,,,,,,,,,
,,,,,,,,처리여부,IF_FLAG,"C: 요청, Y:확인",,,,,,,,
,,,,,,,,요청일시,REQ_TIME,TimeStamp,,,,,,,,
,,,,,,,,처리일시,RES_TIME,TimeStamp,,,,,,,,
,,,,,,,,요청시스템,REQ_SYS,,,,,,,,,
,,,,,,,,응답시스템,RES_SYS,,,,,,,,,
,진단,DD1,"출고레일 이송 요청
(정상적으로 검사가
종료되었을 경우)",활성화/진단 시스템,→,자동적재 시스템,ITF_CMD_DATA,인터페이스 ID,IF_UID,yyyymmdd-seq(6),,,,,,,,
,,,,,,,,인테페이스일자,IF_DATE,yyyymmdd,,,,,,,,
,,,,,,,,커맨드,CMD_CD,DD1,,,,,,,,
,,,,,,,,배터리라벨ID,DATA1,,,,,,,,,
,,,,,,,,활성화/진단 설비코드,DATA2,,,,,,,,,
,,,,,,,,채널ID,DATA3,,,,,,,,,
,,,,,,,,등급분류코드(1~4),DATA4,,,,,,,,,
,,,,,,,,,DATA5,,,,,,,,,
,,,,,,,,,DATA6,,,,,,,,,
,,,,,,,,,,,,,,,,,,
,,,,,,,,,DATA8,,,,,,,,,
,,,,,,,,,DATA9,,,,,,,,,
,,,,,,,,,DATA10,,,,,,,,,
,,,,,,,,처리여부,IF_FLAG,"C: 요청, Y:확인",,,,,,,,
,,,,,,,,요청일시,REQ_TIME,TimeStamp,,,,,,,,
,,,,,,,,처리일시,RES_TIME,TimeStamp,,,,,,,,
,,,,,,,,요청시스템,REQ_SYS,,,,,,,,,
,,,,,,,,응답시스템,RES_SYS,,,,,,,,,
,,DD2,"등급분류 적재창고 
적재 완료",자동적재 시스템,→,진단 시스템,ITF_CMD_DATA,인터페이스 ID,IF_UID,yyyymmdd-seq(6),,,,,,,,
,,,,,,,,인테페이스일자,IF_DATE,yyyymmdd,,,,,,,,
,,,,,,,,커맨드,CMD_CD,DD2,,,,,,,,
,,,,,,,,배터리라벨ID,DATA1,,,,,,,,,
,,,,,,,,,DATA2,,,,,,,,,
,,,,,,,,,DATA3,,,,,,,,,
,,,,,,,,,DATA4,,,,,,,,,
,,,,,,,,,DATA5,,,,,,,,,
,,,,,,,,,DATA6,,,,,,,,,
,,,,,,,,,DATA7,,,,,,,,,
,,,,,,,,,DATA8,,,,,,,,,
,,,,,,,,,DATA9,,,,,,,,,
,,,,,,,,,DATA10,,,,,,,,,
,,,,,,,,,IF_FLAG,"C: 요청, Y:확인",,,,,,,,
,,,,,,,,요청일시,REQ_TIME,TimeStamp,,,,,,,,
,,,,,,,,처리일시,RES_TIME,TimeStamp,,,,,,,,
,,,,,,,,요청시스템,REQ_SYS,,,,,,,,,
,,,,,,,,응답시스템,RES_SYS,,,,,,,,,
,출고,EE1,출고요청,통합관제/출고시스템,→,자동적재시스템,ITF_CMD_DATA,인터페이스 ID,IF_UID,yyyymmdd-seq(6),,,,,,,,
,,,,,,,,인테페이스일자,IF_DATE,yyyymmdd,,,,,,,,
,,,,,,,,커맨드,CMD_CD,EE1,,,,,,,,
,,,,,,,,배터리라벨ID,DATA1,,,,,,,,,
,,,,,,,,출고대기장소 행,DATA2,,,,,,,,,
,,,,,,,,출고대기장소 열,DATA3,,,,,,,,,
,,,,,,,,출고대기장소 단,DATA4,,,,,,,,,
,,,,,,,,,DATA5,,,,,,,,,
,,,,,,,,,DATA6,,,,,,,,,
,,,,,,,,,DATA7,,,,,,,,,
,,,,,,,,,DATA8,,,,,,,,,
,,,,,,,,,DATA9,,,,,,,,,
,,,,,,,,,DATA10,,,,,,,,,
,,,,,,,,처리여부,IF_FLAG,"C: 요청, Y:확인",,,,,,,,
,,,,,,,,요청일시,REQ_TIME,TimeStamp,,,,,,,,
,,,,,,,,처리일시,RES_TIME,TimeStamp,,,,,,,,
,,,,,,,,요청시스템,REQ_SYS,,,,,,,,,
,,,,,,,,응답시스템,RES_SYS,,,,,,,,,
,,EE2,"출고 대기장소
적재완료",자동적재시스템,→,출고시스템,ITF_CMD_DATA,인터페이스 ID,IF_UID,yyyymmdd-seq(6),,,,,,,,
,,,,,,,,인테페이스일자,IF_DATE,yyyymmdd,,,,,,,,
,,,,,,,,커맨드,CMD_CD,EE2,,,,,,,,
,,,,,,,,배터리라벨ID,DATA1,,,,,,,,,
,,,,,,,,출고대기장소 행,DATA2,,,,,,,,,
,,,,,,,,출고대기장소 열,DATA3,,,,,,,,,
,,,,,,,,출고대기장소 단,DATA4,,,,,,,,,
,,,,,,,,,DATA5,,,,,,,,,
,,,,,,,,,DATA6,,,,,,,,,
,,,,,,,,,DATA7,,,,,,,,,
,,,,,,,,,DATA8,,,,,,,,,
,,,,,,,,,DATA9,,,,,,,,,
,,,,,,,,,DATA10,,,,,,,,,
,,,,,,,,,IF_FLAG,"C: 요청, Y:확인",,,,,,,,
,,,,,,,,요청일시,REQ_TIME,TimeStamp,,,,,,,,
,,,,,,,,처리일시,RES_TIME,TimeStamp,,,,,,,,
,,,,,,,,요청시스템,REQ_SYS,,,,,,,,,
,,,,,,,,응답시스템,RES_SYS,,,,,,,,,
,,EE3,"배터리 상차장
이송요청",출고시스템,→,자동적재시스템,ITF_CMD_DATA,인터페이스 ID,IF_UID,yyyymmdd-seq(6),,,,,,,,
,,,,,,,,인테페이스일자,IF_DATE,yyyymmdd,,,,,,,,
,,,,,,,,커맨드,CMD_CD,EE3,,,,,,,,
,,,,,,,,배터리라벨ID,DATA1,,,,,,,,,
,,,,,,,,상차장 행,DATA2,,,,,,,,,
,,,,,,,,상차장 열,DATA3,,,,,,,,,
,,,,,,,,상차장 단,DATA4,,,,,,,,,
,,,,,,,,,DATA5,,,,,,,,,
,,,,,,,,,DATA6,,,,,,,,,
,,,,,,,,,DATA7,,,,,,,,,
,,,,,,,,,DATA8,,,,,,,,,
,,,,,,,,,DATA9,,,,,,,,,
,,,,,,,,,DATA10,,,,,,,,,
,,,,,,,,,IF_FLAG,"C: 요청, Y:확인",,,,,,,,
,,,,,,,,요청일시,REQ_TIME,TimeStamp,,,,,,,,
,,,,,,,,처리일시,RES_TIME,TimeStamp,,,,,,,,
,,,,,,,,요청시스템,REQ_SYS,,,,,,,,,
,,,,,,,,응답시스템,RES_SYS,,,,,,,,,
,,EE4,"배터리 상차장
이송요청 완료",자동적재시스템,→,출고시스템,ITF_CMD_DATA,인터페이스 ID,IF_UID,yyyymmdd-seq(6),,,,,,,,
,,,,,,,,인테페이스일자,IF_DATE,yyyymmdd,,,,,,,,
,,,,,,,,커맨드,CMD_CD,EE4,,,,,,,,
,,,,,,,,배터리라벨ID,DATA1,,,,,,,,,
,,,,,,,,상차장 행,DATA2,,,,,,,,,
,,,,,,,,상차장 열,DATA3,,,,,,,,,
,,,,,,,,상차장 단,DATA4,,,,,,,,,
,,,,,,,,,DATA5,,,,,,,,,
,,,,,,,,,DATA6,,,,,,,,,
,,,,,,,,,DATA7,,,,,,,,,
,,,,,,,,,DATA8,,,,,,,,,
,,,,,,,,,DATA9,,,,,,,,,
,,,,,,,,,DATA10,,,,,,,,,
,,,,,,,,,IF_FLAG,"C: 요청, Y:확인",,,,,,,,
,,,,,,,,요청일시,REQ_TIME,TimeStamp,,,,,,,,
,,,,,,,,처리일시,RES_TIME,TimeStamp,,,,,,,,
,,,,,,,,요청시스템,REQ_SYS,,,,,,,,,
,,,,,,,,응답시스템,RES_SYS,,,,,,,,,
,,EE5,출고취소,출고시스템,→,자동적재시스템,ITF_CMD_DATA,인터페이스 ID,IF_UID,yyyymmdd-seq(6),,,,,,,,
,,,,,,,,인테페이스일자,IF_DATE,yyyymmdd,,,,,,,,
,,,,,,,,커맨드,CMD_CD,EE5,,,,,,,,
,,,,,,,,배터리라벨ID,DATA1,,,,,,,,,
,,,,,,,,출고대기장소 행,DATA2,,,,,,,,,
,,,,,,,,출고대기장소 열,DATA3,,,,,,,,,
,,,,,,,,출고대기장소 단,DATA4,,,,,,,,,
,,,,,,,,,DATA5,,,,,,,,,
,,,,,,,,,DATA6,,,,,,,,,
,,,,,,,,,DATA7,,,,,,,,,
,,,,,,,,,DATA8,,,,,,,,,
,,,,,,,,,DATA9,,,,,,,,,
,,,,,,,,,DATA10,,,,,,,,,
,,,,,,,,,IF_FLAG,"C: 요청, Y:확인",,,,,,,,
,,,,,,,,요청일시,REQ_TIME,TimeStamp,,,,,,,,
,,,,,,,,처리일시,RES_TIME,TimeStamp,,,,,,,,
,,,,,,,,요청시스템,REQ_SYS,,,,,,,,,
,,,,,,,,응답시스템,RES_SYS,,,,,,,,,
,,EE6,출고취소 완료,자동적재시스템,→,출고시스템,ITF_CMD_DATA,인터페이스 ID,IF_UID,yyyymmdd-seq(6),,,,,,,,
,,,,,,,,인테페이스일자,IF_DATE,yyyymmdd,,,,,,,,
,,,,,,,,커맨드,CMD_CD,EE6,,,,,,,,
,,,,,,,,배터리라벨ID,DATA1,,,,,,,,,
,,,,,,,,등급분류 적재 창고 행,DATA2,,,,,,,,,
,,,,,,,,등급분류 적재 창고 열,DATA3,,,,,,,,,
,,,,,,,,등급분류 적재 창고 단,DATA4,,,,,,,,,
,,,,,,,,,DATA5,,,,,,,,,
,,,,,,,,,DATA6,,,,,,,,,
,,,,,,,,,DATA7,,,,,,,,,
,,,,,,,,,DATA8,,,,,,,,,
,,,,,,,,,DATA9,,,,,,,,,
,,,,,,,,,DATA10,,,,,,,,,
,,,,,,,,,IF_FLAG,"C: 요청, Y:확인",,,,,,,,
,,,,,,,,요청일시,REQ_TIME,TimeStamp,,,,,,,,
,,,,,,,,처리일시,RES_TIME,TimeStamp,,,,,,,,
,,,,,,,,요청시스템,REQ_SYS,,,,,,,,,
,,,,,,,,응답시스템,RES_SYS,,,,,,,,,
,,EE7,"불량적재 창고
상차장 이송 요청",출고시스템,→,자동적재시스템,ITF_CMD_DATA,인터페이스 ID,IF_UID,yyyymmdd-seq(6),,,,,,,,
,,,,,,,,인테페이스일자,IF_DATE,yyyymmdd,,,,,,,,
,,,,,,,,커맨드,CMD_CD,EE7,,,,,,,,
,,,,,,,,배터리라벨ID,DATA1,,,,,,,,,
,,,,,,,,불량적재 창고장소 행,DATA2,,,,,,,,,
,,,,,,,,불량적재 창고장소 열,DATA3,,,,,,,,,
,,,,,,,,불량적재 창고장소 단,DATA4,,,,,,,,,
,,,,,,,,상차장 행,DATA5,,,,,,,,,
,,,,,,,,상차장 열,DATA6,,,,,,,,,
,,,,,,,,상차장 단,DATA7,,,,,,,,,
,,,,,,,,,DATA8,,,,,,,,,
,,,,,,,,,DATA9,,,,,,,,,
,,,,,,,,,DATA10,,,,,,,,,
,,,,,,,,,IF_FLAG,"C: 요청, Y:확인",,,,,,,,
,,,,,,,,요청일시,REQ_TIME,TimeStamp,,,,,,,,
,,,,,,,,처리일시,RES_TIME,TimeStamp,,,,,,,,
,,,,,,,,요청시스템,REQ_SYS,,,,,,,,,
,,,,,,,,응답시스템,RES_SYS,,,,,,,,,
,,EE8,"불량적재 창고
상차장 이송 완료",자동적재시스템,→,출고시스템,ITF_CMD_DATA,인터페이스 ID,IF_UID,yyyymmdd-seq(6),,,,,,,,
,,,,,,,,인테페이스일자,IF_DATE,yyyymmdd,,,,,,,,
,,,,,,,,커맨드,CMD_CD,EE8,,,,,,,,
,,,,,,,,배터리라벨ID,DATA1,,,,,,,,,
,,,,,,,,불량적재 창고장소 행,DATA2,,,,,,,,,
,,,,,,,,불량적재 창고장소 열,DATA3,,,,,,,,,
,,,,,,,,불량적재 창고장소 단,DATA4,,,,,,,,,
,,,,,,,,상차장 행,DATA5,,,,,,,,,
,,,,,,,,상차장 열,DATA6,,,,,,,,,
,,,,,,,,상차장 단,DATA7,,,,,,,,,
,,,,,,,,,DATA8,,,,,,,,,
,,,,,,,,,DATA9,,,,,,,,,
,,,,,,,,,DATA10,,,,,,,,,
,,,,,,,,,IF_FLAG,"C: 요청, Y:확인",,,,,,,,
,,,,,,,,요청일시,REQ_TIME,TimeStamp,,,,,,,,
,,,,,,,,처리일시,RES_TIME,TimeStamp,,,,,,,,
,,,,,,,,요청시스템,REQ_SYS,,,,,,,,,
,,,,,,,,응답시스템,RES_SYS,,,,,,,,,
,불량적재,FF1,"불량적재 요청
(검사 중 비정상적으
로 종료되었을 경우)",활성화/진단 시스템,→,자동적재시스템,ITF_CMD_DATA,인터페이스 ID,IF_UID,yyyymmdd-seq(6),,,,,,,,
,,,,,,,,인테페이스일자,IF_DATE,yyyymmdd,,,,,,,,
,,,,,,,,커맨드,CMD_CD,FF1,,,,,,,,
,,,,,,,,배터리라벨ID,DATA1,,,,,,,,,
,,,,,,,,활성화/진단 설비코드,DATA2,,,,,,,,,
,,,,,,,,채널ID,DATA3,,,,,,,,,
,,,,,,,,에러코드 (정의 해야 함),DATA4,,,,,,,,,
,,,,,,,,불량적재 창고장소 배터리 위치정보 행,DATA5,,,,,,,,,
,,,,,,,,불량적재 창고장소 배터리 위치정보 열,DATA6,,,,,,,,,
,,,,,,,,불량적재 창고장소 배터리 위치정보 단,DATA7,,,,,,,,,
,,,,,,,,,DATA8,,,,,,,,,
,,,,,,,,,DATA9,,,,,,,,,
,,,,,,,,,DATA10,,,,,,,,,
,,,,,,,,처리여부,IF_FLAG,"C: 요청, Y:확인",,,,,,,,
,,,,,,,,요청일시,REQ_TIME,TimeStamp,,,,,,,,
,,,,,,,,처리일시,RES_TIME,TimeStamp,,,,,,,,
,,,,,,,,요청시스템,REQ_SYS,,,,,,,,,
,,,,,,,,응답시스템,RES_SYS,,,,,,,,,
,,FF2,"불량적재 창고장소
적재완료",자동적재시스템,→,활성화/진단 시스템,ITF_CMD_DATA,인터페이스 ID,IF_UID,yyyymmdd-seq(6),,,,,,,,
,,,,,,,,인테페이스일자,IF_DATE,yyyymmdd,,,,,,,,
,,,,,,,,커맨드,CMD_CD,FF2,,,,,,,,
,,,,,,,,배터리라벨ID,DATA1,,,,,,,,,
,,,,,,,,불량적재 창고장소 배터리 위치정보 행,DATA2,,,,,,,,,
,,,,,,,,불량적재 창고장소 배터리 위치정보 열,DATA3,,,,,,,,,
,,,,,,,,불량적재 창고장소 배터리 위치정보 단,DATA4,,,,,,,,,
,,,,,,,,,DATA5,,,,,,,,,
,,,,,,,,,DATA6,,,,,,,,,
,,,,,,,,,DATA7,,,,,,,,,
,,,,,,,,,DATA8,,,,,,,,,
,,,,,,,,,DATA9,,,,,,,,,
,,,,,,,,,DATA10,,,,,,,,,
,,,,,,,,처리여부,IF_FLAG,"C: 요청, Y:확인",,,,,,,,
,,,,,,,,요청일시,REQ_TIME,TimeStamp,,,,,,,,
,,,,,,,,처리일시,RES_TIME,TimeStamp,,,,,,,,
,,,,,,,,요청시스템,REQ_SYS,,,,,,,,,
,,,,,,,,응답시스템,RES_SYS,,,,,,,,,
,"불량적재
재입고",GG1,"불량적재 창고장소
재입고 요청

(이에 대한 상태정보는 입고시스템에서 자동적재시스템으로 배터리 입고요청 하는 것과 동일)",출고시스템,→,자동적재시스템,ITF_CMD_DATA,인터페이스 ID,IF_UID,yyyymmdd-seq(6),,,,,,,,
,,,,,,,,인테페이스일자,IF_DATE,yyyymmdd,,,,,,,,
,,,,,,,,커맨드,CMD_CD,GG1,,,,,,,,
,,,,,,,,배터리라벨ID,DATA1,,,,,,,,,
,,,,,,,,불량적재 창고장소 배터리 위치정보 행,DATA2,,,,,,,,,
,,,,,,,,불량적재 창고장소 배터리 위치정보 열,DATA3,,,,,,,,,
,,,,,,,,불량적재 창고장소 배터리 위치정보 단,DATA4,,,,,,,,,
,,,,,,,,,DATA5,,,,,,,,,
,,,,,,,,,DATA6,,,,,,,,,
,,,,,,,,,DATA7,,,,,,,,,
,,,,,,,,,DATA8,,,,,,,,,
,,,,,,,,,DATA9,,,,,,,,,
,,,,,,,,,DATA10,,,,,,,,,
,,,,,,,,처리여부,IF_FLAG,"C: 요청, Y:확인",,,,,,,,
,,,,,,,,요청일시,REQ_TIME,TimeStamp,,,,,,,,
,,,,,,,,처리일시,RES_TIME,TimeStamp,,,,,,,,
,,,,,,,,요청시스템,REQ_SYS,,,,,,,,,
,,,,,,,,응답시스템,RES_SYS,,,,,,,,,
,비상정지,HH3,"전체 시스템
비상정지",통합관제 시스템,→,각 시스템,ITF_CMD_DATA,인터페이스 ID,IF_UID,yyyymmdd-seq(6),,,,,,,,
,,,,,,,,인테페이스일자,IF_DATE,yyyymmdd,,,,,,,,
,,,,,,,,커맨드,CMD_CD,HH3,,,,,,,,
,,,,,,,,시스템코드(진단활성화는 설비코드),DATA1,,,,,,,,,
,,,,,,,,,DATA2,,,,,,,,,
,,,,,,,,,DATA3,,,,,,,,,
,,,,,,,,,DATA4,,,,,,,,,
,,,,,,,,,DATA5,,,,,,,,,
,,,,,,,,,DATA6,,,,,,,,,
,,,,,,,,,DATA7,,,,,,,,,
,,,,,,,,,DATA8,,,,,,,,,
,,,,,,,,,DATA9,,,,,,,,,
,,,,,,,,,DATA10,,,,,,,,,
,,,,,,,,처리여부,IF_FLAG,"C: 요청, Y:확인",,,,,,,,
,,,,,,,,요청일시,REQ_TIME,TimeStamp,,,,,,,,
,,,,,,,,처리일시,RES_TIME,TimeStamp,,,,,,,,
,,,,,,,,요청시스템,REQ_SYS,,,,,,,,,
,,,,,,,,응답시스템,RES_SYS,,,,,,,,,
,,HH4,"전체 시스템
재가동 시작",각 시스템,→,통합관제 시스템,ITF_CMD_DATA,인터페이스 ID,IF_UID,yyyymmdd-seq(6),,,,,,,,
,,,,,,,,인테페이스일자,IF_DATE,yyyymmdd,,,,,,,,
,,,,,,,,커맨드,CMD_CD,HH4,,,,,,,,
,,,,,,,,시스템코드(진단활성화는 설비코드),DATA1,,,,,,,,,
,,,,,,,,,DATA2,,,,,,,,,
,,,,,,,,,DATA3,,,,,,,,,
,,,,,,,,,DATA4,,,,,,,,,
,,,,,,,,,DATA5,,,,,,,,,
,,,,,,,,,DATA6,,,,,,,,,
,,,,,,,,,DATA7,,,,,,,,,
,,,,,,,,,DATA8,,,,,,,,,
,,,,,,,,,DATA9,,,,,,,,,
,,,,,,,,,DATA10,,,,,,,,,
,,,,,,,,처리여부,IF_FLAG,"C: 요청, Y:확인",,,,,,,,
,,,,,,,,요청일시,REQ_TIME,TimeStamp,,,,,,,,
,,,,,,,,처리일시,RES_TIME,TimeStamp,,,,,,,,
,,,,,,,,요청시스템,REQ_SYS,,,,,,,,,
,,,,,,,,응답시스템,RES_SYS,,,,,,,,,
,긴급위험,HH5,전체 시스템 비상정지 및 긴급위험 프로세스 진행,"통합관제 시스템
활성화/진단 시스템",→,전체 시스템,ITF_CMD_DATA,인터페이스 ID,IF_UID,yyyymmdd-seq(6),,,,,,,,
,,,,,,,,인테페이스일자,IF_DATE,yyyymmdd,,,,,,,,
,,,,,,,,커맨드,CMD_CD,HH5,,,,,,,,
,,,,,,,,활성화/진단 설비코드,DATA1,,,,,,,,,
,,,,,,,,채널ID,DATA2,,,,,,,,,
,,,,,,,,,DATA3,,,,,,,,,
,,,,,,,,,DATA4,,,,,,,,,
,,,,,,,,,DATA5,,,,,,,,,
,,,,,,,,,DATA6,,,,,,,,,
,,,,,,,,,DATA7,,,,,,,,,
,,,,,,,,,DATA8,,,,,,,,,
,,,,,,,,,DATA9,,,,,,,,,
,,,,,,,,,DATA10,,,,,,,,,
,,,,,,,,처리여부,IF_FLAG,"C: 요청, Y:확인",,,,,,,,
,,,,,,,,요청일시,REQ_TIME,TimeStamp,,,,,,,,
,,,,,,,,처리일시,RES_TIME,TimeStamp,,,,,,,,
,,,,,,,,요청시스템,REQ_SYS,,,,,,,,,
,,,,,,,,응답시스템,RES_SYS,,,,,,,,,
,"시스템
접속여부",,"시스템
접속여부",각 시스템,→,통합관제 시스템,ITF_SYS_CON_CHECK,시스템코드,SYS_CD,,,,,,,,,
,,,,,,,,접속여부,CON_FLAG,"0, 1 반복",,,,,,,,
,,,,,,,,업데이트일시,RES_TIME,TimeStamp,,,,,,,,
,,,,,,,,,,,,,,,,,,
,,,,,,,,,,,,,,,,,,
,,,,,,,,,,,,,,,,,,
,,,,,,,,,,,,,,,,,,
,,,,,,,,,,,,,,,,,,
,,,,,,,,,,,,,,,,,,
,,,,,,,,,,,,,,,,,,
,,,,,,,,,,,,,,,,,,
,,,,,,,,,,,,,,,,,,
,,,,,,,,,,,,,,,,,,
,,,,,,,,,,,,,,,,,,
,,,,,,,,,,,,,,,,,,
,,,,,,,,,,,,,,,,,,
,,,,,,,,,,,,,,,,,,
,,,,,,,,,,,,,,,,,,
,,,,,,,,,,,,,,,,,,
,,,,,,,,,,,,,,,,,,
,,,,,,,,,,,,,,,,,,
,,,,,,,,,,,,,,,,,,
,,,,,,,,,,,,,,,,,,
,,,,,,,,,,,,,,,,,,
,,,,,,,,,,,,,,,,,,
,,,"전체 시스템 비상정
지 해제는 시스템 재운용으로 대체한다.",,,,,,,,,,,,,,,
,,,전체 시스템 비상정지 명령 전송 후 각 시스템 비상정지 명령이 정상 적용되었는지 확인 필요,,,,,,,,,,,,,,,
,,,,,,,,,,,,,,,,,,
,,,,,,,,,,,,,,,,,,
,,,,,,,,,,,,,,,,,,
,,,,,,,,,,,,,,,,,,
,,,,,,,,,,,,,,,,,,
,,,,,,,,,,,,,,,,,,
,,,,,,,,,,,,,,,,,,
,,,,,,,,,,,,,,,,,,
,,,,,,,,,,,,,,,,,,
,,,,,,,,,,,,,,,,,,
,,,,,,,,,,,,,,,,,,
,,,,,,,,,,,,,,,,,,
,,,,,,,,,,,,,,,,,,
,,,,,,,,,,,,,,,,,,
,,,,,,,,,,,,,,,,,,
,,,,,,,,,,,,,,,,,,
,,,,,,,,,,,,,,,,,,
,,,,,,,,,,,,,,,,,,
,,,,,,,,,,,,,,,,,,
,,,,,,,,,,,,,,,,,,
,,,,,,,,,,,,,,,,,,
,,,,,,,,,,,,,,,,,,
,,,,,,,,,,,,,,,,,,
,,,,,,,,,,,,,,,,,,
,,,,,,,,,,,,,,,,,,
,,,,,,,,,,,,,,,,,,
,,,,,,,,,,,,,,,,,,
,,,,,,,,,,,,,,,,,,
,,,,,,,,,,,,,,,,,,
,,,,,,,,,,,,,,,,,,
,,,,,,,,,,,,,,,,,,
,,,,,,,,,,,,,,,,,,
,,,,,,,,,,,,,,,,,,
,,,,,,,,,,,,,,,,,,
,,,,,,,,,,,,,,,,,,
,,,,,,,,,,,,,,,,,,
,,,,,,,,,,,,,,,,,,
,,,,,,,,,,,,,,,,,,
,,,,,,,,,,,,,,,,,,
,,,,,,,,,,,,,,,,,,
,,,,,,,,,,,,,,,,,,
,,,,,,,,,,,,,,,,,,
,,,,,,,,,,,,,,,,,,
,,,,,,,,,,,,,,,,,,
,,,,,,,,,,,,,,,,,,
,,,,,,,,,,,,,,,,,,
,,,,,,,,,,,,,,,,,,
,,,,,,,,,,,,,,,,,,
,,,,,,,,,,,,,,,,,,
,,,,,,,,,,,,,,,,,,
,,,,,,,,,,,,,,,,,,
,,,,,,,,,,,,,,,,,,
,,,,,,,,,,,,,,,,,,
,,,,,,,,,,,,,,,,,,
,,,,,,,,,,,,,,,,,,
,,,,,,,,,,,,,,,,,,
,,,,,,,,,,,,,,,,,,
,,,,,,,,,,,,,,,,,,
,,,,,,,,,,,,,,,,,,
,,,,,,,,,,,,,,,,,,
,,,,,,,,,,,,,,,,,,
,,,,,,,,,,,,,,,,,,
,,,,,,,,,,,,,,,,,,
,,,,,,,,,,,,,,,,,,
,,,,,,,,,,,,,,,,,,
,,,,,,,,,,,,,,,,,,
,,,,,,,,,,,,,,,,,,
,,,,,,,,,,,,,,,,,,
,,,,,,,,,,,,,,,,,,
,,,,,,,,,,,,,,,,,,
,,,,,,,,,,,,,,,,,,
,,,,,,,,,,,,,,,,,,
,,,,,,,,,,,,,,,,,,
,,,,,,,,,,,,,,,,,,
,,,,,,,,,,,,,,,,,,
,,,,,,,,,,,,,,,,,,
,,,,,,,,,,,,,,,,,,
,,,,,,,,,,,,,,,,,,
,,,,,,,,,,,,,,,,,,
,,,,,,,,,,,,,,,,,,
,,,,,,,,,,,,,,,,,,
,,,,,,,,,,,,,,,,,,
,,,,,,,,,,,,,,,,,,
,,,,,,,,,,,,,,,,,,
,,,,,,,,,,,,,,,,,,
,,,,,,,,,,,,,,,,,,
,,,,,,,,,,,,,,,,,,
,,,,,,,,,,,,,,,,,,
,,,,,,,,,,,,,,,,,,
,,,,,,,,,,,,,,,,,,
,,,,,,,,,,,,,,,,,,
,,,,,,,,,,,,,,,,,,
,,,,,,,,,,,,,,,,,,
,,,,,,,,,,,,,,,,,,
,,,,,,,,,,,,,,,,,,
,,,,,,,,,,,,,,,,,,
,,,,,,,,,,,,,,,,,,
,,,,,,,,,,,,,,,,,,
,,,,,,,,,,,,,,,,,,
,,,,,,,,,,,,,,,,,,
,,,,,,,,,,,,,,,,,,
,,,,,,,,,,,,,,,,,,
,,,,,,,,,,,,,,,,,,
,,,,,,,,,,,,,,,,,,
,,,,,,,,,,,,,,,,,,
,,,,,,,,,,,,,,,,,,
,,,,,,,,,,,,,,,,,,
,,,,,,,,,,,,,,,,,,
,,,,,,,,,,,,,,,,,,
,,,,,,,,,,,,,,,,,,
,,,,,,,,,,,,,,,,,,
,,,,,,,,,,,,,,,,,,
,,,,,,,,,,,,,,,,,,
,,,,,,,,,,,,,,,,,,
,,,,,,,,,,,,,,,,,,
,,,,,,,,,,,,,,,,,,
,,,,,,,,,,,,,,,,,,
,,,,,,,,,,,,,,,,,,
,,,,,,,,,,,,,,,,,,
,,,,,,,,,,,,,,,,,,
,,,,,,,,,,,,,,,,,,
,,,,,,,,,,,,,,,,,,
,,,,,,,,,,,,,,,,,,
,,,,,,,,,,,,,,,,,,
,,,,,,,,,,,,,,,,,,
,,,,,,,,,,,,,,,,,,
,,,,,,,,,,,,,,,,,,
,,,,,,,,,,,,,,,,,,
,,,,,,,,,,,,,,,,,,
,,,,,,,,,,,,,,,,,,
,,,,,,,,,,,,,,,,,,
,,,,,,,,,,,,,,,,,,
,,,,,,,,,,,,,,,,,,
,,,,,,,,,,,,,,,,,,
,,,,,,,,,,,,,,,,,,
,,,,,,,,,,,,,,,,,,
,,,,,,,,,,,,,,,,,,
,,,,,,,,,,,,,,,,,,
,,,,,,,,,,,,,,,,,,
,,,,,,,,,,,,,,,,,,
,,,,,,,,,,,,,,,,,,
,,,,,,,,,,,,,,,,,,
,,,,,,,,,,,,,,,,,,
,,,,,,,,,,,,,,,,,,
,,,,,,,,,,,,,,,,,,
,,,,,,,,,,,,,,,,,,
,,,,,,,,,,,,,,,,,,
,,,,,,,,,,,,,,,,,,
,,,,,,,,,,,,,,,,,,
,,,,,,,,,,,,,,,,,,
,,,,,,,,,,,,,,,,,,
,,,,,,,,,,,,,,,,,,
,,,,,,,,,,,,,,,,,,
,,,,,,,,,,,,,,,,,,
,,,,,,,,,,,,,,,,,,
,,,,,,,,,,,,,,,,,,
,,,,,,,,,,,,,,,,,,
,,,,,,,,,,,,,,,,,,
,,,,,,,,,,,,,,,,,,
,,,,,,,,,,,,,,,,,,
,,,,,,,,,,,,,,,,,,
,,,,,,,,,,,,,,,,,,
,,,,,,,,,,,,,,,,,,
,,,,,,,,,,,,,,,,,,
,,,,,,,,,,,,,,,,,,
,,,,,,,,,,,,,,,,,,
,,,,,,,,,,,,,,,,,,
,,,,,,,,,,,,,,,,,,
,,,,,,,,,,,,,,,,,,
,,,,,,,,,,,,,,,,,,
,,,,,,,,,,,,,,,,,,
,,,,,,,,,,,,,,,,,,
,,,,,,,,,,,,,,,,,,
,,,,,,,,,,,,,,,,,,
,,,,,,,,,,,,,,,,,,
,,,,,,,,,,,,,,,,,,
,,,,,,,,,,,,,,,,,,
,,,,,,,,,,,,,,,,,,
,,,,,,,,,,,,,,,,,,
,,,,,,,,,,,,,,,,,,
,,,,,,,,,,,,,,,,,,
,,,,,,,,,,,,,,,,,,
,,,,,,,,,,,,,,,,,,
,,,,,,,,,,,,,,,,,,
,,,,,,,,,,,,,,,,,,
,,,,,,,,,,,,,,,,,,
,,,,,,,,,,,,,,,,,,
,,,,,,,,,,,,,,,,,,
,,,,,,,,,,,,,,,,,,
,,,,,,,,,,,,,,,,,,
,,,,,,,,,,,,,,,,,,
,,,,,,,,,,,,,,,,,,
,,,,,,,,,,,,,,,,,,
,,,,,,,,,,,,,,,,,,
,,,,,,,,,,,,,,,,,,
,,,,,,,,,,,,,,,,,,
,,,,,,,,,,,,,,,,,,
,,,,,,,,,,,,,,,,,,
,,,,,,,,,,,,,,,,,,
,,,,,,,,,,,,,,,,,,
,,,,,,,,,,,,,,,,,,
,,,,,,,,,,,,,,,,,,
,,,,,,,,,,,,,,,,,,
,,,,,,,,,,,,,,,,,,
,,,,,,,,,,,,,,,,,,
,,,,,,,,,,,,,,,,,,
,,,,,,,,,,,,,,,,,,
,,,,,,,,,,,,,,,,,,
,,,,,,,,,,,,,,,,,,
,,,,,,,,,,,,,,,,,,
,,,,,,,,,,,,,,,,,,
,,,,,,,,,,,,,,,,,,
,,,,,,,,,,,,,,,,,,
,,,,,,,,,,,,,,,,,,
,,,,,,,,,,,,,,,,,,
,,,,,,,,,,,,,,,,,,
,,,,,,,,,,,,,,,,,,
,,,,,,,,,,,,,,,,,,
,,,,,,,,,,,,,,,,,,
,,,,,,,,,,,,,,,,,,
,,,,,,,,,,,,,,,,,,
,,,,,,,,,,,,,,,,,,
,,,,,,,,,,,,,,,,,,
,,,,,,,,,,,,,,,,,,
,,,,,,,,,,,,,,,,,,
,,,,,,,,,,,,,,,,,,
,,,,,,,,,,,,,,,,,,
,,,,,,,,,,,,,,,,,,
,,,,,,,,,,,,,,,,,,
,,,,,,,,,,,,,,,,,,
,,,,,,,,,,,,,,,,,,
,,,,,,,,,,,,,,,,,,
,,,,,,,,,,,,,,,,,,
,,,,,,,,,,,,,,,,,,
,,,,,,,,,,,,,,,,,,
,,,,,,,,,,,,,,,,,,
,,,,,,,,,,,,,,,,,,
,,,,,,,,,,,,,,,,,,
,,,,,,,,,,,,,,,,,,
,,,,,,,,,,,,,,,,,,
,,,,,,,,,,,,,,,,,,
,,,,,,,,,,,,,,,,,,
,,,,,,,,,,,,,,,,,,
,,,,,,,,,,,,,,,,,,
,,,,,,,,,,,,,,,,,,
,,,,,,,,,,,,,,,,,,
,,,,,,,,,,,,,,,,,,
,,,,,,,,,,,,,,,,,,
,,,,,,,,,,,,,,,,,,
,,,,,,,,,,,,,,,,,,
,,,,,,,,,,,,,,,,,,
,,,,,,,,,,,,,,,,,,
,,,,,,,,,,,,,,,,,,
,,,,,,,,,,,,,,,,,,
,,,,,,,,,,,,,,,,,,
,,,,,,,,,,,,,,,,,,
,,,,,,,,,,,,,,,,,,
,,,,,,,,,,,,,,,,,,
,,,,,,,,,,,,,,,,,,
,,,,,,,,,,,,,,,,,,
,,,,,,,,,,,,,,,,,,
,,,,,,,,,,,,,,,,,,
,,,,,,,,,,,,,,,,,,
,,,,,,,,,,,,,,,,,,
,,,,,,,,,,,,,,,,,,
,,,,,,,,,,,,,,,,,,
,,,,,,,,,,,,,,,,,,
,,,,,,,,,,,,,,,,,,
,,,,,,,,,,,,,,,,,,
,,,,,,,,,,,,,,,,,,
,,,,,,,,,,,,,,,,,,
,,,,,,,,,,,,,,,,,,
,,,,,,,,,,,,,,,,,,
,,,,,,,,,,,,,,,,,,
,,,,,,,,,,,,,,,,,,
,,,,,,,,,,,,,,,,,,
,,,,,,,,,,,,,,,,,,
,,,,,,,,,,,,,,,,,,
,,,,,,,,,,,,,,,,,,
,,,,,,,,,,,,,,,,,,
,,,,,,,,,,,,,,,,,,
,,,,,,,,,,,,,,,,,,
,,,,,,,,,,,,,,,,,,
,,,,,,,,,,,,,,,,,,
,,,,,,,,,,,,,,,,,,
,,,,,,,,,,,,,,,,,,
,,,,,,,,,,,,,,,,,,
,,,,,,,,,,,,,,,,,,
,,,,,,,,,,,,,,,,,,
,,,,,,,,,,,,,,,,,,
,,,,,,,,,,,,,,,,,,
,,,,,,,,,,,,,,,,,,
,,,,,,,,,,,,,,,,,,
,,,,,,,,,,,,,,,,,,
,,,,,,,,,,,,,,,,,,
,,,,,,,,,,,,,,,,,,
,,,,,,,,,,,,,,,,,,
,,,,,,,,,,,,,,,,,,
,,,,,,,,,,,,,,,,,,
,,,,,,,,,,,,,,,,,,
,,,,,,,,,,,,,,,,,,
,,,,,,,,,,,,,,,,,,
,,,,,,,,,,,,,,,,,,
,,,,,,,,,,,,,,,,,,
,,,,,,,,,,,,,,,,,,
,,,,,,,,,,,,,,,,,,
,,,,,,,,,,,,,,,,,,
,,,,,,,,,,,,,,,,,,
,,,,,,,,,,,,,,,,,,
,,,,,,,,,,,,,,,,,,
,,,,,,,,,,,,,,,,,,
,,,,,,,,,,,,,,,,,,
,,,,,,,,,,,,,,,,,,
,,,,,,,,,,,,,,,,,,
,,,,,,,,,,,,,,,,,,
,,,,,,,,,,,,,,,,,,
,,,,,,,,,,,,,,,,,,
,,,,,,,,,,,,,,,,,,
,,,,,,,,,,,,,,,,,,
,,,,,,,,,,,,,,,,,,
,,,,,,,,,,,,,,,,,,
,,,,,,,,,,,,,,,,,,
,,,,,,,,,,,,,,,,,,
,,,,,,,,,,,,,,,,,,
,,,,,,,,,,,,,,,,,,
,,,,,,,,,,,,,,,,,,
,,,,,,,,,,,,,,,,,,
,,,,,,,,,,,,,,,,,,
,,,,,,,,,,,,,,,,,,
,,,,,,,,,,,,,,,,,,
,,,,,,,,,,,,,,,,,,
,,,,,,,,,,,,,,,,,,
,,,,,,,,,,,,,,,,,,
,,,,,,,,,,,,,,,,,,
,,,,,,,,,,,,,,,,,,
,,,,,,,,,,,,,,,,,,
,,,,,,,,,,,,,,,,,,
,,,,,,,,,,,,,,,,,,
,,,,,,,,,,,,,,,,,,
,,,,,,,,,,,,,,,,,,
,,,,,,,,,,,,,,,,,,
,,,,,,,,,,,,,,,,,,
,,,,,,,,,,,,,,,,,,
,,,,,,,,,,,,,,,,,,
,,,,,,,,,,,,,,,,,,
,,,,,,,,,,,,,,,,,,
,,,,,,,,,,,,,,,,,,
,,,,,,,,,,,,,,,,,,
,,,,,,,,,,,,,,,,,,
,,,,,,,,,,,,,,,,,,
,,,,,,,,,,,,,,,,,,
,,,,,,,,,,,,,,,,,,
,,,,,,,,,,,,,,,,,,
,,,,,,,,,,,,,,,,,,
,,,,,,,,,,,,,,,,,,
,,,,,,,,,,,,,,,,,,
,,,,,,,,,,,,,,,,,,
,,,,,,,,,,,,,,,,,,
,,,,,,,,,,,,,,,,,,
,,,,,,,,,,,,,,,,,,
,,,,,,,,,,,,,,,,,,
,,,,,,,,,,,,,,,,,,
,,,,,,,,,,,,,,,,,,
,,,,,,,,,,,,,,,,,,
,,,,,,,,,,,,,,,,,,
,,,,,,,,,,,,,,,,,,
,,,,,,,,,,,,,,,,,,
,,,,,,,,,,,,,,,,,,
,,,,,,,,,,,,,,,,,,
,,,,,,,,,,,,,,,,,,
,,,,,,,,,,,,,,,,,,
,,,,,,,,,,,,,,,,,,
,,,,,,,,,,,,,,,,,,
,,,,,,,,,,,,,,,,,,
,,,,,,,,,,,,,,,,,,
,,,,,,,,,,,,,,,,,,
,,,,,,,,,,,,,,,,,,
,,,,,,,,,,,,,,,,,,
,,,,,,,,,,,,,,,,,,
,,,,,,,,,,,,,,,,,,
,,,,,,,,,,,,,,,,,,
,,,,,,,,,,,,,,,,,,
,,,,,,,,,,,,,,,,,,
,,,,,,,,,,,,,,,,,,
,,,,,,,,,,,,,,,,,,
,,,,,,,,,,,,,,,,,,
,,,,,,,,,,,,,,,,,,
,,,,,,,,,,,,,,,,,,
,,,,,,,,,,,,,,,,,,
,,,,,,,,,,,,,,,,,,
,,,,,,,,,,,,,,,,,,
,,,,,,,,,,,,,,,,,,
,,,,,,,,,,,,,,,,,,
,,,,,,,,,,,,,,,,,,
,,,,,,,,,,,,,,,,,,
,,,,,,,,,,,,,,,,,,
,,,,,,,,,,,,,,,,,,
,,,,,,,,,,,,,,,,,,
,,,,,,,,,,,,,,,,,,
,,,,,,,,,,,,,,,,,,
,,,,,,,,,,,,,,,,,,
,,,,,,,,,,,,,,,,,,
,,,,,,,,,,,,,,,,,,
,,,,,,,,,,,,,,,,,,
,,,,,,,,,,,,,,,,,,
,,,,,,,,,,,,,,,,,,
,,,,,,,,,,,,,,,,,,
,,,,,,,,,,,,,,,,,,
,,,,,,,,,,,,,,,,,,
,,,,,,,,,,,,,,,,,,
,,,,,,,,,,,,,,,,,,
,,,,,,,,,,,,,,,,,,
,,,,,,,,,,,,,,,,,,
,,,,,,,,,,,,,,,,,,
,,,,,,,,,,,,,,,,,,
,,,,,,,,,,,,,,,,,,
,,,,,,,,,,,,,,,,,,
,,,,,,,,,,,,,,,,,,
,,,,,,,,,,,,,,,,,,
,,,,,,,,,,,,,,,,,,
,,,,,,,,,,,,,,,,,,
,,,,,,,,,,,,,,,,,,
,,,,,,,,,,,,,,,,,,
,,,,,,,,,,,,,,,,,,
,,,,,,,,,,,,,,,,,,
,,,,,,,,,,,,,,,,,,
,,,,,,,,,,,,,,,,,,
,,,,,,,,,,,,,,,,,,
,,,,,,,,,,,,,,,,,,
,,,,,,,,,,,,,,,,,,
,,,,,,,,,,,,,,,,,,
,,,,,,,,,,,,,,,,,,
,,,,,,,,,,,,,,,,,,
,,,,,,,,,,,,,,,,,,
,,,,,,,,,,,,,,,,,,
,,,,,,,,,,,,,,,,,,
,,,,,,,,,,,,,,,,,,
,,,,,,,,,,,,,,,,,,
,,,,,,,,,,,,,,,,,,
,,,,,,,,,,,,,,,,,,
,,,,,,,,,,,,,,,,,,
,,,,,,,,,,,,,,,,,,
,,,,,,,,,,,,,,,,,,
,,,,,,,,,,,,,,,,,,
,,,,,,,,,,,,,,,,,,
,,,,,,,,,,,,,,,,,,
,,,,,,,,,,,,,,,,,,
,,,,,,,,,,,,,,,,,,
,,,,,,,,,,,,,,,,,,
,,,,,,,,,,,,,,,,,,
,,,,,,,,,,,,,,,,,,
,,,,,,,,,,,,,,,,,,
,,,,,,,,,,,,,,,,,,
,,,,,,,,,,,,,,,,,,
,,,,,,,,,,,,,,,,,,
,,,,,,,,,,,,,,,,,,
,,,,,,,,,,,,,,,,,,
,,,,,,,,,,,,,,,,,,
,,,,,,,,,,,,,,,,,,
,,,,,,,,,,,,,,,,,,
,,,,,,,,,,,,,,,,,,
,,,,,,,,,,,,,,,,,,
,,,,,,,,,,,,,,,,,,
,,,,,,,,,,,,,,,,,,
,,,,,,,,,,,,,,,,,,
,,,,,,,,,,,,,,,,,,
,,,,,,,,,,,,,,,,,,
,,,,,,,,,,,,,,,,,,
,,,,,,,,,,,,,,,,,,
,,,,,,,,,,,,,,,,,,
,,,,,,,,,,,,,,,,,,
,,,,,,,,,,,,,,,,,,
,,,,,,,,,,,,,,,,,,
,,,,,,,,,,,,,,,,,,
,,,,,,,,,,,,,,,,,,
,,,,,,,,,,,,,,,,,,
,,,,,,,,,,,,,,,,,,
,,,,,,,,,,,,,,,,,,
,,,,,,,,,,,,,,,,,,
,,,,,,,,,,,,,,,,,,
,,,,,,,,,,,,,,,,,,
,,,,,,,,,,,,,,,,,,
,,,,,,,,,,,,,,,,,,
,,,,,,,,,,,,,,,,,,
,,,,,,,,,,,,,,,,,,
,,,,,,,,,,,,,,,,,,
,,,,,,,,,,,,,,,,,,
,,,,,,,,,,,,,,,,,,
,,,,,,,,,,,,,,,,,,
,,,,,,,,,,,,,,,,,,
,,,,,,,,,,,,,,,,,,
,,,,,,,,,,,,,,,,,,
,,,,,,,,,,,,,,,,,,
,,,,,,,,,,,,,,,,,,
,,,,,,,,,,,,,,,,,,
,,,,,,,,,,,,,,,,,,
,,,,,,,,,,,,,,,,,,
,,,,,,,,,,,,,,,,,,
,,,,,,,,,,,,,,,,,,
,,,,,,,,,,,,,,,,,,
,,,,,,,,,,,,,,,,,,
,,,,,,,,,,,,,,,,,,
,,,,,,,,,,,,,,,,,,
,,,,,,,,,,,,,,,,,,
,,,,,,,,,,,,,,,,,,
,,,,,,,,,,,,,,,,,,
,,,,,,,,,,,,,,,,,,
,,,,,,,,,,,,,,,,,,
,,,,,,,,,,,,,,,,,,
,,,,,,,,,,,,,,,,,,
,,,,,,,,,,,,,,,,,,
,,,,,,,,,,,,,,,,,,
,,,,,,,,,,,,,,,,,,
,,,,,,,,,,,,,,,,,,
,,,,,,,,,,,,,,,,,,
,,,,,,,,,,,,,,,,,,
,,,,,,,,,,,,,,,,,,
,,,,,,,,,,,,,,,,,,
,,,,,,,,,,,,,,,,,,
,,,,,,,,,,,,,,,,,,
,,,,,,,,,,,,,,,,,,
,,,,,,,,,,,,,,,,,,
,,,,,,,,,,,,,,,,,,
,,,,,,,,,,,,,,,,,,
,,,,,,,,,,,,,,,,,,
,,,,,,,,,,,,,,,,,,
,,,,,,,,,,,,,,,,,,
,,,,,,,,,,,,,,,,,,
,,,,,,,,,,,,,,,,,,
,,,,,,,,,,,,,,,,,,
,,,,,,,,,,,,,,,,,,
,,,,,,,,,,,,,,,,,,
,,,,,,,,,,,,,,,,,,
,,,,,,,,,,,,,,,,,,
,,,,,,,,,,,,,,,,,,
,,,,,,,,,,,,,,,,,,
,,,,,,,,,,,,,,,,,,
,,,,,,,,,,,,,,,,,,
,,,,,,,,,,,,,,,,,,
,,,,,,,,,,,,,,,,,,
,,,,,,,,,,,,,,,,,,
,,,,,,,,,,,,,,,,,,
,,,,,,,,,,,,,,,,,,
,,,,,,,,,,,,,,,,,,
,,,,,,,,,,,,,,,,,,
,,,,,,,,,,,,,,,,,,
,,,,,,,,,,,,,,,,,,
,,,,,,,,,,,,,,,,,,
,,,,,,,,,,,,,,,,,,
,,,,,,,,,,,,,,,,,,
,,,,,,,,,,,,,,,,,,
,,,,,,,,,,,,,,,,,,
,,,,,,,,,,,,,,,,,,
,,,,,,,,,,,,,,,,,,
,,,,,,,,,,,,,,,,,,
,,,,,,,,,,,,,,,,,,
,,,,,,,,,,,,,,,,,,
,,,,,,,,,,,,,,,,,,
,,,,,,,,,,,,,,,,,,
,,,,,,,,,,,,,,,,,,
,,,,,,,,,,,,,,,,,,
,,,,,,,,,,,,,,,,,,
,,,,,,,,,,,,,,,,,,
,,,,,,,,,,,,,,,,,,
,,,,,,,,,,,,,,,,,,
,,,,,,,,,,,,,,,,,,
,,,,,,,,,,,,,,,,,,
,,,,,,,,,,,,,,,,,,
,,,,,,,,,,,,,,,,,,
,,,,,,,,,,,,,,,,,,
,,,,,,,,,,,,,,,,,,
,,,,,,,,,,,,,,,,,,
,,,,,,,,,,,,,,,,,,
,,,,,,,,,,,,,,,,,,
,,,,,,,,,,,,,,,,,,
,,,,,,,,,,,,,,,,,,
,,,,,,,,,,,,,,,,,,
,,,,,,,,,,,,,,,,,,
,,,,,,,,,,,,,,,,,,
,,,,,,,,,,,,,,,,,,
,,,,,,,,,,,,,,,,,,
,,,,,,,,,,,,,,,,,,
,,,,,,,,,,,,,,,,,,
,,,,,,,,,,,,,,,,,,
,,,,,,,,,,,,,,,,,,
,,,,,,,,,,,,,,,,,,
,,,,,,,,,,,,,,,,,,
,,,,,,,,,,,,,,,,,,
,,,,,,,,,,,,,,,,,,
,,,,,,,,,,,,,,,,,,
,,,,,,,,,,,,,,,,,,
,,,,,,,,,,,,,,,,,,
,,,,,,,,,,,,,,,,,,
,,,,,,,,,,,,,,,,,,
,,,,,,,,,,,,,,,,,,
,,,,,,,,,,,,,,,,,,
,,,,,,,,,,,,,,,,,,
,,,,,,,,,,,,,,,,,,
,,,,,,,,,,,,,,,,,,
,,,,,,,,,,,,,,,,,,
,,,,,,,,,,,,,,,,,,
,,,,,,,,,,,,,,,,,,
,,,,,,,,,,,,,,,,,,
,,,,,,,,,,,,,,,,,,
,,,,,,,,,,,,,,,,,,
,,,,,,,,,,,,,,,,,,
,,,,,,,,,,,,,,,,,,
,,,,,,,,,,,,,,,,,,
,,,,,,,,,,,,,,,,,,
,,,,,,,,,,,,,,,,,,
,,,,,,,,,,,,,,,,,,
,,,,,,,,,,,,,,,,,,
,,,,,,,,,,,,,,,,,,
,,,,,,,,,,,,,,,,,,
,,,,,,,,,,,,,,,,,,
,,,,,,,,,,,,,,,,,,
,,,,,,,,,,,,,,,,,,
,,,,,,,,,,,,,,,,,,
,,,,,,,,,,,,,,,,,,
,,,,,,,,,,,,,,,,,,
,,,,,,,,,,,,,,,,,,
,,,,,,,,,,,,,,,,,,
,,,,,,,,,,,,,,,,,,
,,,,,,,,,,,,,,,,,,
,,,,,,,,,,,,,,,,,,
,,,,,,,,,,,,,,,,,,
,,,,,,,,,,,,,,,,,,
,,,,,,,,,,,,,,,,,,
,,,,,,,,,,,,,,,,,,
,,,,,,,,,,,,,,,,,,
,,,,,,,,,,,,,,,,,,
,,,,,,,,,,,,,,,,,,
,,,,,,,,,,,,,,,,,,
,,,,,,,,,,,,,,,,,,
,,,,,,,,,,,,,,,,,,
,,,,,,,,,,,,,,,,,,
,,,,,,,,,,,,,,,,,,
,,,,,,,,,,,,,,,,,,
,,,,,,,,,,,,,,,,,,
,,,,,,,,,,,,,,,,,,
,,,,,,,,,,,,,,,,,,
,,,,,,,,,,,,,,,,,,
,,,,,,,,,,,,,,,,,,
,,,,,,,,,,,,,,,,,,
,,,,,,,,,,,,,,,,,,
,,,,,,,,,,,,,,,,,,
,,,,,,,,,,,,,,,,,,
,,,,,,,,,,,,,,,,,,
,,,,,,,,,,,,,,,,,,
,,,,,,,,,,,,,,,,,,
,,,,,,,,,,,,,,,,,,
,,,,,,,,,,,,,,,,,,
,,,,,,,,,,,,,,,,,,
,,,,,,,,,,,,,,,,,,
,,,,,,,,,,,,,,,,,,
,,,,,,,,,,,,,,,,,,
,,,,,,,,,,,,,,,,,,
,,,,,,,,,,,,,,,,,,
,,,,,,,,,,,,,,,,,,
,,,,,,,,,,,,,,,,,,
,,,,,,,,,,,,,,,,,,
,,,,,,,,,,,,,,,,,,
,,,,,,,,,,,,,,,,,,
,,,,,,,,,,,,,,,,,,
,,,,,,,,,,,,,,,,,,
,,,,,,,,,,,,,,,,,,
,,,,,,,,,,,,,,,,,,
,,,,,,,,,,,,,,,,,,
,,,,,,,,,,,,,,,,,,
,,,,,,,,,,,,,,,,,,
,,,,,,,,,,,,,,,,,,
,,,,,,,,,,,,,,,,,,
,,,,,,,,,,,,,,,,,,
,,,,,,,,,,,,,,,,,,
,,,,,,,,,,,,,,,,,,
,,,,,,,,,,,,,,,,,,
,,,,,,,,,,,,,,,,,,
,,,,,,,,,,,,,,,,,,
,,,,,,,,,,,,,,,,,,
,,,,,,,,,,,,,,,,,,
,,,,,,,,,,,,,,,,,,
,,,,,,,,,,,,,,,,,,
,,,,,,,,,,,,,,,,,,
,,,,,,,,,,,,,,,,,,
,,,,,,,,,,,,,,,,,,
,,,,,,,,,,,,,,,,,,
,,,,,,,,,,,,,,,,,,
,,,,,,,,,,,,,,,,,,
,,,,,,,,,,,,,,,,,,
,,,,,,,,,,,,,,,,,,
,,,,,,,,,,,,,,,,,,
,,,,,,,,,,,,,,,,,,
,,,,,,,,,,,,,,,,,,
,,,,,,,,,,,,,,,,,,
,,,,,,,,,,,,,,,,,,
,,,,,,,,,,,,,,,,,,
,,,,,,,,,,,,,,,,,,
,,,,,,,,,,,,,,,,,,
,,,,,,,,,,,,,,,,,,
,,,,,,,,,,,,,,,,,,
,,,,,,,,,,,,,,,,,,
,,,,,,,,,,,,,,,,,,
,,,,,,,,,,,,,,,,,,
,,,,,,,,,,,,,,,,,,
,,,,,,,,,,,,,,,,,,
,,,,,,,,,,,,,,,,,,
,,,,,,,,,,,,,,,,,,
,,,,,,,,,,,,,,,,,,
,,,,,,,,,,,,,,,,,,
,,,,,,,,,,,,,,,,,,
,,,,,,,,,,,,,,,,,,
,,,,,,,,,,,,,,,,,,
,,,,,,,,,,,,,,,,,,
,,,,,,,,,,,,,,,,,,
,,,,,,,,,,,,,,,,,,
,,,,,,,,,,,,,,,,,,
,,,,,,,,,,,,,,,,,,
,,,,,,,,,,,,,,,,,,
,,,,,,,,,,,,,,,,,,
,,,,,,,,,,,,,,,,,,
,,,,,,,,,,,,,,,,,,
,,,,,,,,,,,,,,,,,,
,,,,,,,,,,,,,,,,,,
,,,,,,,,,,,,,,,,,,
,,,,,,,,,,,,,,,,,,
,,,,,,,,,,,,,,,,,,
,,,,,,,,,,,,,,,,,,
,,,,,,,,,,,,,,,,,,
,,,,,,,,,,,,,,,,,,
,,,,,,,,,,,,,,,,,,
,,,,,,,,,,,,,,,,,,
,,,,,,,,,,,,,,,,,,
,,,,,,,,,,,,,,,,,,
,,,,,,,,,,,,,,,,,,
,,,,,,,,,,,,,,,,,,
,,,,,,,,,,,,,,,,,,
,,,,,,,,,,,,,,,,,,
,,,,,,,,,,,,,,,,,,
,,,,,,,,,,,,,,,,,,
,,,,,,,,,,,,,,,,,,
,,,,,,,,,,,,,,,,,,
,,,,,,,,,,,,,,,,,,
,,,,,,,,,,,,,,,,,,
,,,,,,,,,,,,,,,,,,
,,,,,,,,,,,,,,,,,,
,,,,,,,,,,,,,,,,,,
,,,,,,,,,,,,,,,,,,
,,,,,,,,,,,,,,,,,,
,,,,,,,,,,,,,,,,,,
,,,,,,,,,,,,,,,,,,
,,,,,,,,,,,,,,,,,,
,,,,,,,,,,,,,,,,,,
,,,,,,,,,,,,,,,,,,
,,,,,,,,,,,,,,,,,,
,,,,,,,,,,,,,,,,,,
,,,,,,,,,,,,,,,,,,
,,,,,,,,,,,,,,,,,,
,,,,,,,,,,,,,,,,,,
,,,,,,,,,,,,,,,,,,
,,,,,,,,,,,,,,,,,,
,,,,,,,,,,,,,,,,,,
,,,,,,,,,,,,,,,,,,
,,,,,,,,,,,,,,,,,,
,,,,,,,,,,,,,,,,,,
,,,,,,,,,,,,,,,,,,
,,,,,,,,,,,,,,,,,,
,,,,,,,,,,,,,,,,,,
,,,,,,,,,,,,,,,,,,
,,,,,,,,,,,,,,,,,,
,,,,,,,,,,,,,,,,,,
,,,,,,,,,,,,,,,,,,
,,,,,,,,,,,,,,,,,,
,,,,,,,,,,,,,,,,,,
,,,,,,,,,,,,,,,,,,
,,,,,,,,,,,,,,,,,,
,,,,,,,,,,,,,,,,,,
,,,,,,,,,,,,,,,,,,
,,,,,,,,,,,,,,,,,,
,,,,,,,,,,,,,,,,,,
,,,,,,,,,,,,,,,,,,
,,,,,,,,,,,,,,,,,,
,,,,,,,,,,,,,,,,,,
,,,,,,,,,,,,,,,,,,
,,,,,,,,,,,,,,,,,,
,,,,,,,,,,,,,,,,,,
,,,,,,,,,,,,,,,,,,
,,,,,,,,,,,,,,,,,,
,,,,,,,,,,,,,,,,,,
,,,,,,,,,,,,,,,,,,
,,,,,,,,,,,,,,,,,,
,,,,,,,,,,,,,,,,,,
,,,,,,,,,,,,,,,,,,
,,,,,,,,,,,,,,,,,,
,,,,,,,,,,,,,,,,,,
,,,,,,,,,,,,,,,,,,
,,,,,,,,,,,,,,,,,,
,,,,,,,,,,,,,,,,,,
,,,,,,,,,,,,,,,,,,
,,,,,,,,,,,,,,,,,,
,,,,,,,,,,,,,,,,,,
,,,,,,,,,,,,,,,,,,
,,,,,,,,,,,,,,,,,,
,,,,,,,,,,,,,,,,,,
,,,,,,,,,,,,,,,,,,
,,,,,,,,,,,,,,,,,,
,,,,,,,,,,,,,,,,,,
,,,,,,,,,,,,,,,,,,
,,,,,,,,,,,,,,,,,,
,,,,,,,,,,,,,,,,,,
,,,,,,,,,,,,,,,,,,
,,,,,,,,,,,,,,,,,,
,,,,,,,,,,,,,,,,,,
,,,,,,,,,,,,,,,,,,
,,,,,,,,,,,,,,,,,,
,,,,,,,,,,,,,,,,,,
,,,,,,,,,,,,,,,,,,
,,,,,,,,,,,,,,,,,,
,,,,,,,,,,,,,,,,,,
,,,,,,,,,,,,,,,,,,
,,,,,,,,,,,,,,,,,,
,,,,,,,,,,,,,,,,,,
,,,,,,,,,,,,,,,,,,
,,,,,,,,,,,,,,,,,,
,,,,,,,,,,,,,,,,,,
,,,,,,,,,,,,,,,,,,
,,,,,,,,,,,,,,,,,,
,,,,,,,,,,,,,,,,,,
,,,,,,,,,,,,,,,,,,
,,,,,,,,,,,,,,,,,,
,,,,,,,,,,,,,,,,,,
,,,,,,,,,,,,,,,,,,
,,,,,,,,,,,,,,,,,,
,,,,,,,,,,,,,,,,,,
,,,,,,,,,,,,,,,,,,
,,,,,,,,,,,,,,,,,,
,,,,,,,,,,,,,,,,,,
,,,,,,,,,,,,,,,,,,
,,,,,,,,,,,,,,,,,,
,,,,,,,,,,,,,,,,,,
,,,,,,,,,,,,,,,,,,
,,,,,,,,,,,,,,,,,,
,,,,,,,,,,,,,,,,,,
,,,,,,,,,,,,,,,,,,
,,,,,,,,,,,,,,,,,,
,,,,,,,,,,,,,,,,,,
,,,,,,,,,,,,,,,,,,
,,,,,,,,,,,,,,,,,,
,,,,,,,,,,,,,,,,,,
,,,,,,,,,,,,,,,,,,
,,,,,,,,,,,,,,,,,,
,,,,,,,,,,,,,,,,,,
,,,,,,,,,,,,,,,,,,
,,,,,,,,,,,,,,,,,,
,,,,,,,,,,,,,,,,,,
,,,,,,,,,,,,,,,,,,
,,,,,,,,,,,,,,,,,,
,,,,,,,,,,,,,,,,,,
,,,,,,,,,,,,,,,,,,
,,,,,,,,,,,,,,,,,,
,,,,,,,,,,,,,,,,,,
,,,,,,,,,,,,,,,,,,
,,,,,,,,,,,,,,,,,,
,,,,,,,,,,,,,,,,,,
,,,,,,,,,,,,,,,,,,
,,,,,,,,,,,,,,,,,,
,,,,,,,,,,,,,,,,,,
,,,,,,,,,,,,,,,,,,
,,,,,,,,,,,,,,,,,,
,,,,,,,,,,,,,,,,,,
,,,,,,,,,,,,,,,,,,
,,,,,,,,,,,,,,,,,,
,,,,,,,,,,,,,,,,,,
,,,,,,,,,,,,,,,,,,
,,,,,,,,,,,,,,,,,,
,,,,,,,,,,,,,,,,,,
,,,,,,,,,,,,,,,,,,
,,,,,,,,,,,,,,,,,,
,,,,,,,,,,,,,,,,,,
,,,,,,,,,,,,,,,,,,
,,,,,,,,,,,,,,,,,,
,,,,,,,,,,,,,,,,,,
,,,,,,,,,,,,,,,,,,
,,,,,,,,,,,,,,,,,,
,,,,,,,,,,,,,,,,,,
,,,,,,,,,,,,,,,,,,
,,,,,,,,,,,,,,,,,,
,,,,,,,,,,,,,,,,,,
,,,,,,,,,,,,,,,,,,
,,,,,,,,,,,,,,,,,,
,,,,,,,,,,,,,,,,,,
,,,,,,,,,,,,,,,,,,
,,,,,,,,,,,,,,,,,,
,,,,,,,,,,,,,,,,,,
,,,,,,,,,,,,,,,,,,
,,,,,,,,,,,,,,,,,,
,,,,,,,,,,,,,,,,,,
,,,,,,,,,,,,,,,,,,
,,,,,,,,,,,,,,,,,,
,,,,,,,,,,,,,,,,,,
,,,,,,,,,,,,,,,,,,
,,,,,,,,,,,,,,,,,,
,,,,,,,,,,,,,,,,,,
,,,,,,,,,,,,,,,,,,
,,,,,,,,,,,,,,,,,,
,,,,,,,,,,,,,,,,,,
,,,,,,,,,,,,,,,,,,
,,,,,,,,,,,,,,,,,,
,,,,,,,,,,,,,,,,,,
,,,,,,,,,,,,,,,,,,
,,,,,,,,,,,,,,,,,,
,,,,,,,,,,,,,,,,,,
,,,,,,,,,,,,,,,,,,
,,,,,,,,,,,,,,,,,,
,,,,,,,,,,,,,,,,,,
,,,,,,,,,,,,,,,,,,
,,,,,,,,,,,,,,,,,,
,,,,,,,,,,,,,,,,,,
,,,,,,,,,,,,,,,,,,
,,,,,,,,,,,,,,,,,,
,,,,,,,,,,,,,,,,,,
,,,,,,,,,,,,,,,,,,
,,,,,,,,,,,,,,,,,,
,,,,,,,,,,,,,,,,,,
,,,,,,,,,,,,,,,,,,
,,,,,,,,,,,,,,,,,,
,,,,,,,,,,,,,,,,,,
,,,,,,,,,,,,,,,,,,
,,,,,,,,,,,,,,,,,,
,,,,,,,,,,,,,,,,,,
,,,,,,,,,,,,,,,,,,
,,,,,,,,,,,,,,,,,,
,,,,,,,,,,,,,,,,,,
,,,,,,,,,,,,,,,,,,
,,,,,,,,,,,,,,,,,,
,,,,,,,,,,,,,,,,,,
,,,,,,,,,,,,,,,,,,
,,,,,,,,,,,,,,,,,,
,,,,,,,,,,,,,,,,,,
,,,,,,,,,,,,,,,,,,
,,,,,,,,,,,,,,,,,,
,,,,,,,,,,,,,,,,,,
,,,,,,,,,,,,,,,,,,
,,,,,,,,,,,,,,,,,,
,,,,,,,,,,,,,,,,,,
,,,,,,,,,,,,,,,,,,
,,,,,,,,,,,,,,,,,,
,,,,,,,,,,,,,,,,,,
,,,,,,,,,,,,,,,,,,
,,,,,,,,,,,,,,,,,,
,,,,,,,,,,,,,,,,,,
,,,,,,,,,,,,,,,,,,
,,,,,,,,,,,,,,,,,,
,,,,,,,,,,,,,,,,,,
,,,,,,,,,,,,,,,,,,
,,,,,,,,,,,,,,,,,,
,,,,,,,,,,,,,,,,,,
,,,,,,,,,,,,,,,,,,
,,,,,,,,,,,,,,,,,,
,,,,,,,,,,,,,,,,,,
,,,,,,,,,,,,,,,,,,
,,,,,,,,,,,,,,,,,,
,,,,,,,,,,,,,,,,,,
,,,,,,,,,,,,,,,,,,
,,,,,,,,,,,,,,,,,,
,,,,,,,,,,,,,,,,,,
,,,,,,,,,,,,,,,,,,
,,,,,,,,,,,,,,,,,,
,,,,,,,,,,,,,,,,,,
,,,,,,,,,,,,,,,,,,
,,,,,,,,,,,,,,,,,,
,,,,,,,,,,,,,,,,,,
,,,,,,,,,,,,,,,,,,
,,,,,,,,,,,,,,,,,,
,,,,,,,,,,,,,,,,,,
,,,,,,,,,,,,,,,,,,
,,,,,,,,,,,,,,,,,,
,,,,,,,,,,,,,,,,,,
,,,,,,,,,,,,,,,,,,
,,,,,,,,,,,,,,,,,,
,,,,,,,,,,,,,,,,,,
,,,,,,,,,,,,,,,,,,
,,,,,,,,,,,,,,,,,,
,,,,,,,,,,,,,,,,,,
,,,,,,,,,,,,,,,,,,
,,,,,,,,,,,,,,,,,,
,,,,,,,,,,,,,,,,,,
,,,,,,,,,,,,,,,,,,
,,,,,,,,,,,,,,,,,,
,,,,,,,,,,,,,,,,,,
,,,,,,,,,,,,,,,,,,
,,,,,,,,,,,,,,,,,,
,,,,,,,,,,,,,,,,,,
,,,,,,,,,,,,,,,,,,
,,,,,,,,,,,,,,,,,,
,,,,,,,,,,,,,,,,,,
,,,,,,,,,,,,,,,,,,
,,,,,,,,,,,,,,,,,,
,,,,,,,,,,,,,,,,,,
,,,,,,,,,,,,,,,,,,
,,,,,,,,,,,,,,,,,,
,,,,,,,,,,,,,,,,,,
,,,,,,,,,,,,,,,,,,
,,,,,,,,,,,,,,,,,,
,,,,,,,,,,,,,,,,,,
,,,,,,,,,,,,,,,,,,
,,,,,,,,,,,,,,,,,,
,,,,,,,,,,,,,,,,,,
,,,,,,,,,,,,,,,,,,
,,,,,,,,,,,,,,,,,,
,,,,,,,,,,,,,,,,,,
,,,,,,,,,,,,,,,,,,
,,,,,,,,,,,,,,,,,,
,,,,,,,,,,,,,,,,,,
,,,,,,,,,,,,,,,,,,
,,,,,,,,,,,,,,,,,,
,,,,,,,,,,,,,,,,,,
,,,,,,,,,,,,,,,,,,
,,,,,,,,,,,,,,,,,,
,,,,,,,,,,,,,,,,,,
,,,,,,,,,,,,,,,,,,
,,,,,,,,,,,,,,,,,,
,,,,,,,,,,,,,,,,,,
,,,,,,,,,,,,,,,,,,
,,,,,,,,,,,,,,,,,,
,,,,,,,,,,,,,,,,,,
,,,,,,,,,,,,,,,,,,
,,,,,,,,,,,,,,,,,,
,,,,,,,,,,,,,,,,,,
,,,,,,,,,,,,,,,,,,
,,,,,,,,,,,,,,,,,,
,,,,,,,,,,,,,,,,,,
,,,,,,,,,,,,,,,,,,
,,,,,,,,,,,,,,,,,,
,,,,,,,,,,,,,,,,,,
,,,,,,,,,,,,,,,,,,
,,,,,,,,,,,,,,,,,,
,,,,,,,,,,,,,,,,,,
,,,,,,,,,,,,,,,,,,
,,,,,,,,,,,,,,,,,,
,,,,,,,,,,,,,,,,,,
,,,,,,,,,,,,,,,,,,
,,,,,,,,,,,,,,,,,,
,,,,,,,,,,,,,,,,,,
,,,,,,,,,,,,,,,,,,
,,,,,,,,,,,,,,,,,,
,,,,,,,,,,,,,,,,,,
,,,,,,,,,,,,,,,,,,
,,,,,,,,,,,,,,,,,,
,,,,,,,,,,,,,,,,,,
,,,,,,,,,,,,,,,,,,
,,,,,,,,,,,,,,,,,,
,,,,,,,,,,,,,,,,,,
,,,,,,,,,,,,,,,,,,
,,,,,,,,,,,,,,,,,,
,,,,,,,,,,,,,,,,,,
,,,,,,,,,,,,,,,,,,
,,,,,,,,,,,,,,,,,,
,,,,,,,,,,,,,,,,,,
,,,,,,,,,,,,,,,,,,
,,,,,,,,,,,,,,,,,,
,,,,,,,,,,,,,,,,,,
,,,,,,,,,,,,,,,,,,
,,,,,,,,,,,,,,,,,,
,,,,,,,,,,,,,,,,,,
,,,,,,,,,,,,,,,,,,
,,,,,,,,,,,,,,,,,,
,,,,,,,,,,,,,,,,,,
,,,,,,,,,,,,,,,,,,
,,,,,,,,,,,,,,,,,,
,,,,,,,,,,,,,,,,,,
,,,,,,,,,,,,,,,,,,
,,,,,,,,,,,,,,,,,,
,,,,,,,,,,,,,,,,,,
,,,,,,,,,,,,,,,,,,
,,,,,,,,,,,,,,,,,,
,,,,,,,,,,,,,,,,,,
,,,,,,,,,,,,,,,,,,
,,,,,,,,,,,,,,,,,,
,,,,,,,,,,,,,,,,,,
,,,,,,,,,,,,,,,,,,
,,,,,,,,,,,,,,,,,,
,,,,,,,,,,,,,,,,,,
,,,,,,,,,,,,,,,,,,
,,,,,,,,,,,,,,,,,,
,,,,,,,,,,,,,,,,,,
,,,,,,,,,,,,,,,,,,
,,,,,,,,,,,,,,,,,,
,,,,,,,,,,,,,,,,,,
,,,,,,,,,,,,,,,,,,
,,,,,,,,,,,,,,,,,,
,,,,,,,,,,,,,,,,,,
,,,,,,,,,,,,,,,,,,
,,,,,,,,,,,,,,,,,,
,,,,,,,,,,,,,,,,,,
,,,,,,,,,,,,,,,,,,
,,,,,,,,,,,,,,,,,,
,,,,,,,,,,,,,,,,,,
,,,,,,,,,,,,,,,,,,
,,,,,,,,,,,,,,,,,,
,,,,,,,,,,,,,,,,,,
,,,,,,,,,,,,,,,,,,
,,,,,,,,,,,,,,,,,,
,,,,,,,,,,,,,,,,,,
,,,,,,,,,,,,,,,,,,
,,,,,,,,,,,,,,,,,,
,,,,,,,,,,,,,,,,,,
,,,,,,,,,,,,,,,,,,
,,,,,,,,,,,,,,,,,,
,,,,,,,,,,,,,,,,,,
,,,,,,,,,,,,,,,,,,
,,,,,,,,,,,,,,,,,,
,,,,,,,,,,,,,,,,,,
,,,,,,,,,,,,,,,,,,
,,,,,,,,,,,,,,,,,,
,,,,,,,,,,,,,,,,,,
,,,,,,,,,,,,,,,,,,
,,,,,,,,,,,,,,,,,,
,,,,,,,,,,,,,,,,,,
,,,,,,,,,,,,,,,,,,
,,,,,,,,,,,,,,,,,,
,,,,,,,,,,,,,,,,,,
,,,,,,,,,,,,,,,,,,
,,,,,,,,,,,,,,,,,,
,,,,,,,,,,,,,,,,,,
,,,,,,,,,,,,,,,,,,
,,,,,,,,,,,,,,,,,,
,,,,,,,,,,,,,,,,,,
,,,,,,,,,,,,,,,,,,
,,,,,,,,,,,,,,,,,,
,,,,,,,,,,,,,,,,,,
,,,,,,,,,,,,,,,,,,
,,,,,,,,,,,,,,,,,,
,,,,,,,,,,,,,,,,,,
,,,,,,,,,,,,,,,,,,
,,,,,,,,,,,,,,,,,,
,,,,,,,,,,,,,,,,,,
,,,,,,,,,,,,,,,,,,
,,,,,,,,,,,,,,,,,,
,,,,,,,,,,,,,,,,,,
,,,,,,,,,,,,,,,,,,
,,,,,,,,,,,,,,,,,,
,,,,,,,,,,,,,,,,,,
,,,,,,,,,,,,,,,,,,
,,,,,,,,,,,,,,,,,,
,,,,,,,,,,,,,,,,,,
,,,,,,,,,,,,,,,,,,
,,,,,,,,,,,,,,,,,,
,,,,,,,,,,,,,,,,,,
,,,,,,,,,,,,,,,,,,
,,,,,,,,,,,,,,,,,,
,,,,,,,,,,,,,,,,,,
,,,,,,,,,,,,,,,,,,
,,,,,,,,,,,,,,,,,,
,,,,,,,,,,,,,,,,,,
,,,,,,,,,,,,,,,,,,
,,,,,,,,,,,,,,,,,,
,,,,,,,,,,,,,,,,,,
,,,,,,,,,,,,,,,,,,
,,,,,,,,,,,,,,,,,,
,,,,,,,,,,,,,,,,,,
,,,,,,,,,,,,,,,,,,
,,,,,,,,,,,,,,,,,,
,,,,,,,,,,,,,,,,,,
,,,,,,,,,,,,,,,,,,
,,,,,,,,,,,,,,,,,,
,,,,,,,,,,,,,,,,,,
,,,,,,,,,,,,,,,,,,
,,,,,,,,,,,,,,,,,,
,,,,,,,,,,,,,,,,,,
,,,,,,,,,,,,,,,,,,
,,,,,,,,,,,,,,,,,,
,,,,,,,,,,,,,,,,,,
,,,,,,,,,,,,,,,,,,
,,,,,,,,,,,,,,,,,,
,,,,,,,,,,,,,,,,,,
,,,,,,,,,,,,,,,,,,
,,,,,,,,,,,,,,,,,,
,,,,,,,,,,,,,,,,,,
,,,,,,,,,,,,,,,,,,
,,,,,,,,,,,,,,,,,,
,,,,,,,,,,,,,,,,,,
,,,,,,,,,,,,,,,,,,
,,,,,,,,,,,,,,,,,,
,,,,,,,,,,,,,,,,,,
,,,,,,,,,,,,,,,,,,
,,,,,,,,,,,,,,,,,,
,,,,,,,,,,,,,,,,,,
,,,,,,,,,,,,,,,,,,
,,,,,,,,,,,,,,,,,,
,,,,,,,,,,,,,,,,,,
,,,,,,,,,,,,,,,,,,
,,,,,,,,,,,,,,,,,,
,,,,,,,,,,,,,,,,,,
,,,,,,,,,,,,,,,,,,
,,,,,,,,,,,,,,,,,,
,,,,,,,,,,,,,,,,,,
,,,,,,,,,,,,,,,,,,
,,,,,,,,,,,,,,,,,,
,,,,,,,,,,,,,,,,,,
,,,,,,,,,,,,,,,,,,
,,,,,,,,,,,,,,,,,,
,,,,,,,,,,,,,,,,,,
,,,,,,,,,,,,,,,,,,
,,,,,,,,,,,,,,,,,,
,,,,,,,,,,,,,,,,,,
,,,,,,,,,,,,,,,,,,
,,,,,,,,,,,,,,,,,,
,,,,,,,,,,,,,,,,,,
,,,,,,,,,,,,,,,,,,
,,,,,,,,,,,,,,,,,,
,,,,,,,,,,,,,,,,,,
,,,,,,,,,,,,,,,,,,
,,,,,,,,,,,,,,,,,,
,,,,,,,,,,,,,,,,,,
,,,,,,,,,,,,,,,,,,
,,,,,,,,,,,,,,,,,,
,,,,,,,,,,,,,,,,,,
,,,,,,,,,,,,,,,,,,
,,,,,,,,,,,,,,,,,,
,,,,,,,,,,,,,,,,,,
,,,,,,,,,,,,,,,,,,
,,,,,,,,,,,,,,,,,,
,,,,,,,,,,,,,,,,,,
,,,,,,,,,,,,,,,,,,
,,,,,,,,,,,,,,,,,,
,,,,,,,,,,,,,,,,,,
,,,,,,,,,,,,,,,,,,
,,,,,,,,,,,,,,,,,,
,,,,,,,,,,,,,,,,,,
,,,,,,,,,,,,,,,,,,
,,,,,,,,,,,,,,,,,,
,,,,,,,,,,,,,,,,,,
,,,,,,,,,,,,,,,,,,
,,,,,,,,,,,,,,,,,,
,,,,,,,,,,,,,,,,,,
,,,,,,,,,,,,,,,,,,
,,,,,,,,,,,,,,,,,,
,,,,,,,,,,,,,,,,,,
,,,,,,,,,,,,,,,,,,
,,,,,,,,,,,,,,,,,,
,,,,,,,,,,,,,,,,,,
,,,,,,,,,,,,,,,,,,
,,,,,,,,,,,,,,,,,,
,,,,,,,,,,,,,,,,,,
,,,,,,,,,,,,,,,,,,
,,,,,,,,,,,,,,,,,,
,,,,,,,,,,,,,,,,,,
,,,,,,,,,,,,,,,,,,
,,,,,,,,,,,,,,,,,,
,,,,,,,,,,,,,,,,,,
,,,,,,,,,,,,,,,,,,
,,,,,,,,,,,,,,,,,,
,,,,,,,,,,,,,,,,,,
,,,,,,,,,,,,,,,,,,
,,,,,,,,,,,,,,,,,,
,,,,,,,,,,,,,,,,,,
,,,,,,,,,,,,,,,,,,
,,,,,,,,,,,,,,,,,,
,,,,,,,,,,,,,,,,,,
,,,,,,,,,,,,,,,,,,
,,,,,,,,,,,,,,,,,,
,,,,,,,,,,,,,,,,,,
,,,,,,,,,,,,,,,,,,
,,,,,,,,,,,,,,,,,,
,,,,,,,,,,,,,,,,,,
,,,,,,,,,,,,,,,,,,
,,,,,,,,,,,,,,,,,,
,,,,,,,,,,,,,,,,,,
,,,,,,,,,,,,,,,,,,
,,,,,,,,,,,,,,,,,,
,,,,,,,,,,,,,,,,,,
,,,,,,,,,,,,,,,,,,
,,,,,,,,,,,,,,,,,,
,,,,,,,,,,,,,,,,,,
,,,,,,,,,,,,,,,,,,
,,,,,,,,,,,,,,,,,,
,,,,,,,,,,,,,,,,,,
,,,,,,,,,,,,,,,,,,
,,,,,,,,,,,,,,,,,,
,,,,,,,,,,,,,,,,,,
,,,,,,,,,,,,,,,,,,
,,,,,,,,,,,,,,,,,,
,,,,,,,,,,,,,,,,,,
,,,,,,,,,,,,,,,,,,
,,,,,,,,,,,,,,,,,,
,,,,,,,,,,,,,,,,,,
,,,,,,,,,,,,,,,,,,
,,,,,,,,,,,,,,,,,,
,,,,,,,,,,,,,,,,,,
,,,,,,,,,,,,,,,,,,
,,,,,,,,,,,,,,,,,,
,,,,,,,,,,,,,,,,,,
,,,,,,,,,,,,,,,,,,
,,,,,,,,,,,,,,,,,,
,,,,,,,,,,,,,,,,,,
,,,,,,,,,,,,,,,,,,
,,,,,,,,,,,,,,,,,,
,,,,,,,,,,,,,,,,,,
,,,,,,,,,,,,,,,,,,
,,,,,,,,,,,,,,,,,,
,,,,,,,,,,,,,,,,,,
,,,,,,,,,,,,,,,,,,
,,,,,,,,,,,,,,,,,,
,,,,,,,,,,,,,,,,,,
,,,,,,,,,,,,,,,,,,
,,,,,,,,,,,,,,,,,,
,,,,,,,,,,,,,,,,,,
,,,,,,,,,,,,,,,,,,
,,,,,,,,,,,,,,,,,,
,,,,,,,,,,,,,,,,,,
,,,,,,,,,,,,,,,,,,
,,,,,,,,,,,,,,,,,,
,,,,,,,,,,,,,,,,,,
,,,,,,,,,,,,,,,,,,
,,,,,,,,,,,,,,,,,,
,,,,,,,,,,,,,,,,,,
,,,,,,,,,,,,,,,,,,
,,,,,,,,,,,,,,,,,,
,,,,,,,,,,,,,,,,,,
,,,,,,,,,,,,,,,,,,
,,,,,,,,,,,,,,,,,,
,,,,,,,,,,,,,,,,,,
,,,,,,,,,,,,,,,,,,
,,,,,,,,,,,,,,,,,,
,,,,,,,,,,,,,,,,,,
,,,,,,,,,,,,,,,,,,
,,,,,,,,,,,,,,,,,,
,,,,,,,,,,,,,,,,,,
,,,,,,,,,,,,,,,,,,
,,,,,,,,,,,,,,,,,,
,,,,,,,,,,,,,,,,,,
,,,,,,,,,,,,,,,,,,
,,,,,,,,,,,,,,,,,,
,,,,,,,,,,,,,,,,,,
,,,,,,,,,,,,,,,,,,
,,,,,,,,,,,,,,,,,,
,,,,,,,,,,,,,,,,,,
,,,,,,,,,,,,,,,,,,
,,,,,,,,,,,,,,,,,,
,,,,,,,,,,,,,,,,,,
,,,,,,,,,,,,,,,,,,
,,,,,,,,,,,,,,,,,,
,,,,,,,,,,,,,,,,,,
,,,,,,,,,,,,,,,,,,
,,,,,,,,,,,,,,,,,,
,,,,,,,,,,,,,,,,,,
,,,,,,,,,,,,,,,,,,
,,,,,,,,,,,,,,,,,,
,,,,,,,,,,,,,,,,,,
,,,,,,,,,,,,,,,,,,
,,,,,,,,,,,,,,,,,,
,,,,,,,,,,,,,,,,,,
,,,,,,,,,,,,,,,,,,
,,,,,,,,,,,,,,,,,,
,,,,,,,,,,,,,,,,,,
,,,,,,,,,,,,,,,,,,
,,,,,,,,,,,,,,,,,,
,,,,,,,,,,,,,,,,,,
,,,,,,,,,,,,,,,,,,
,,,,,,,,,,,,,,,,,,
,,,,,,,,,,,,,,,,,,
,,,,,,,,,,,,,,,,,,
,,,,,,,,,,,,,,,,,,
,,,,,,,,,,,,,,,,,,
,,,,,,,,,,,,,,,,,,
,,,,,,,,,,,,,,,,,,
,,,,,,,,,,,,,,,,,,
,,,,,,,,,,,,,,,,,,
,,,,,,,,,,,,,,,,,,
,,,,,,,,,,,,,,,,,,
,,,,,,,,,,,,,,,,,,
,,,,,,,,,,,,,,,,,,
,,,,,,,,,,,,,,,,,,
,,,,,,,,,,,,,,,,,,
,,,,,,,,,,,,,,,,,,
,,,,,,,,,,,,,,,,,,
,,,,,,,,,,,,,,,,,,
,,,,,,,,,,,,,,,,,,
,,,,,,,,,,,,,,,,,,
,,,,,,,,,,,,,,,,,,
,,,,,,,,,,,,,,,,,,
,,,,,,,,,,,,,,,,,,
,,,,,,,,,,,,,,,,,,
,,,,,,,,,,,,,,,,,,
,,,,,,,,,,,,,,,,,,
,,,,,,,,,,,,,,,,,,
,,,,,,,,,,,,,,,,,,
,,,,,,,,,,,,,,,,,,
,,,,,,,,,,,,,,,,,,
,,,,,,,,,,,,,,,,,,
,,,,,,,,,,,,,,,,,,
,,,,,,,,,,,,,,,,,,
,,,,,,,,,,,,,,,,,,
,,,,,,,,,,,,,,,,,,
,,,,,,,,,,,,,,,,,,
,,,,,,,,,,,,,,,,,,
,,,,,,,,,,,,,,,,,,
,,,,,,,,,,,,,,,,,,
,,,,,,,,,,,,,,,,,,
,,,,,,,,,,,,,,,,,,
,,,,,,,,,,,,,,,,,,
,,,,,,,,,,,,,,,,,,
,,,,,,,,,,,,,,,,,,
,,,,,,,,,,,,,,,,,,
,,,,,,,,,,,,,,,,,,
,,,,,,,,,,,,,,,,,,
,,,,,,,,,,,,,,,,,,
,,,,,,,,,,,,,,,,,,
,,,,,,,,,,,,,,,,,,
,,,,,,,,,,,,,,,,,,
,,,,,,,,,,,,,,,,,,
,,,,,,,,,,,,,,,,,,
,,,,,,,,,,,,,,,,,,
,,,,,,,,,,,,,,,,,,
,,,,,,,,,,,,,,,,,,
,,,,,,,,,,,,,,,,,,
,,,,,,,,,,,,,,,,,,
,,,,,,,,,,,,,,,,,,
,,,,,,,,,,,,,,,,,,
,,,,,,,,,,,,,,,,,,
,,,,,,,,,,,,,,,,,,
,,,,,,,,,,,,,,,,,,
,,,,,,,,,,,,,,,,,,
,,,,,,,,,,,,,,,,,,
,,,,,,,,,,,,,,,,,,
,,,,,,,,,,,,,,,,,,
,,,,,,,,,,,,,,,,,,
,,,,,,,,,,,,,,,,,,
,,,,,,,,,,,,,,,,,,
,,,,,,,,,,,,,,,,,,
,,,,,,,,,,,,,,,,,,
,,,,,,,,,,,,,,,,,,
,,,,,,,,,,,,,,,,,,
,,,,,,,,,,,,,,,,,,
,,,,,,,,,,,,,,,,,,
,,,,,,,,,,,,,,,,,,
,,,,,,,,,,,,,,,,,,
,,,,,,,,,,,,,,,,,,
,,,,,,,,,,,,,,,,,,
,,,,,,,,,,,,,,,,,,
,,,,,,,,,,,,,,,,,,
,,,,,,,,,,,,,,,,,,
,,,,,,,,,,,,,,,,,,
,,,,,,,,,,,,,,,,,,
,,,,,,,,,,,,,,,,,,
,,,,,,,,,,,,,,,,,,
,,,,,,,,,,,,,,,,,,
,,,,,,,,,,,,,,,,,,
,,,,,,,,,,,,,,,,,,
,,,,,,,,,,,,,,,,,,
,,,,,,,,,,,,,,,,,,
,,,,,,,,,,,,,,,,,,
,,,,,,,,,,,,,,,,,,
,,,,,,,,,,,,,,,,,,
,,,,,,,,,,,,,,,,,,
,,,,,,,,,,,,,,,,,,
,,,,,,,,,,,,,,,,,,
,,,,,,,,,,,,,,,,,,
,,,,,,,,,,,,,,,,,,
,,,,,,,,,,,,,,,,,,
,,,,,,,,,,,,,,,,,,
,,,,,,,,,,,,,,,,,,
,,,,,,,,,,,,,,,,,,
,,,,,,,,,,,,,,,,,,
,,,,,,,,,,,,,,,,,,
,,,,,,,,,,,,,,,,,,
,,,,,,,,,,,,,,,,,,
,,,,,,,,,,,,,,,,,,
,,,,,,,,,,,,,,,,,,
,,,,,,,,,,,,,,,,,,
,,,,,,,,,,,,,,,,,,
,,,,,,,,,,,,,,,,,,
,,,,,,,,,,,,,,,,,,
,,,,,,,,,,,,,,,,,,
,,,,,,,,,,,,,,,,,,
,,,,,,,,,,,,,,,,,,
,,,,,,,,,,,,,,,,,,
,,,,,,,,,,,,,,,,,,
,,,,,,,,,,,,,,,,,,
,,,,,,,,,,,,,,,,,,
,,,,,,,,,,,,,,,,,,
,,,,,,,,,,,,,,,,,,
,,,,,,,,,,,,,,,,,,
,,,,,,,,,,,,,,,,,,
,,,,,,,,,,,,,,,,,,
,,,,,,,,,,,,,,,,,,
,,,,,,,,,,,,,,,,,,
,,,,,,,,,,,,,,,,,,
,,,,,,,,,,,,,,,,,,
,,,,,,,,,,,,,,,,,,
,,,,,,,,,,,,,,,,,,
,,,,,,,,,,,,,,,,,,
,,,,,,,,,,,,,,,,,,
,,,,,,,,,,,,,,,,,,
,,,,,,,,,,,,,,,,,,
,,,,,,,,,,,,,,,,,,
,,,,,,,,,,,,,,,,,,
,,,,,,,,,,,,,,,,,,
,,,,,,,,,,,,,,,,,,
,,,,,,,,,,,,,,,,,,
,,,,,,,,,,,,,,,,,,
,,,,,,,,,,,,,,,,,,
,,,,,,,,,,,,,,,,,,
,,,,,,,,,,,,,,,,,,
,,,,,,,,,,,,,,,,,,
,,,,,,,,,,,,,,,,,,
,,,,,,,,,,,,,,,,,,
,,,,,,,,,,,,,,,,,,
,,,,,,,,,,,,,,,,,,
,,,,,,,,,,,,,,,,,,
,,,,,,,,,,,,,,,,,,
,,,,,,,,,,,,,,,,,,
,,,,,,,,,,,,,,,,,,
,,,,,,,,,,,,,,,,,,
,,,,,,,,,,,,,,,,,,
,,,,,,,,,,,,,,,,,,
,,,,,,,,,,,,,,,,,,
,,,,,,,,,,,,,,,,,,
,,,,,,,,,,,,,,,,,,
,,,,,,,,,,,,,,,,,,
,,,,,,,,,,,,,,,,,,
,,,,,,,,,,,,,,,,,,
,,,,,,,,,,,,,,,,,,
,,,,,,,,,,,,,,,,,,
,,,,,,,,,,,,,,,,,,
,,,,,,,,,,,,,,,,,,
,,,,,,,,,,,,,,,,,,
,,,,,,,,,,,,,,,,,,
,,,,,,,,,,,,,,,,,,
,,,,,,,,,,,,,,,,,,
,,,,,,,,,,,,,,,,,,
,,,,,,,,,,,,,,,,,,
,,,,,,,,,,,,,,,,,,
,,,,,,,,,,,,,,,,,,
,,,,,,,,,,,,,,,,,,
,,,,,,,,,,,,,,,,,,
,,,,,,,,,,,,,,,,,,
,,,,,,,,,,,,,,,,,,
,,,,,,,,,,,,,,,,,,
,,,,,,,,,,,,,,,,,,
,,,,,,,,,,,,,,,,,,
,,,,,,,,,,,,,,,,,,
,,,,,,,,,,,,,,,,,,
,,,,,,,,,,,,,,,,,,
,,,,,,,,,,,,,,,,,,
,,,,,,,,,,,,,,,,,,
,,,,,,,,,,,,,,,,,,
,,,,,,,,,,,,,,,,,,
,,,,,,,,,,,,,,,,,,
,,,,,,,,,,,,,,,,,,
,,,,,,,,,,,,,,,,,,
,,,,,,,,,,,,,,,,,,
,,,,,,,,,,,,,,,,,,
,,,,,,,,,,,,,,,,,,
,,,,,,,,,,,,,,,,,,
,,,,,,,,,,,,,,,,,,
,,,,,,,,,,,,,,,,,,
,,,,,,,,,,,,,,,,,,
,,,,,,,,,,,,,,,,,,
,,,,,,,,,,,,,,,,,,
,,,,,,,,,,,,,,,,,,
,,,,,,,,,,,,,,,,,,
,,,,,,,,,,,,,,,,,,
,,,,,,,,,,,,,,,,,,
,,,,,,,,,,,,,,,,,,
,,,,,,,,,,,,,,,,,,
,,,,,,,,,,,,,,,,,,
,,,,,,,,,,,,,,,,,,
,,,,,,,,,,,,,,,,,,
,,,,,,,,,,,,,,,,,,
,,,,,,,,,,,,,,,,,,
,,,,,,,,,,,,,,,,,,
,,,,,,,,,,,,,,,,,,
,,,,,,,,,,,,,,,,,,
,,,,,,,,,,,,,,,,,,
,,,,,,,,,,,,,,,,,,
,,,,,,,,,,,,,,,,,,
,,,,,,,,,,,,,,,,,,
,,,,,,,,,,,,,,,,,,
,,,,,,,,,,,,,,,,,,
,,,,,,,,,,,,,,,,,,
,,,,,,,,,,,,,,,,,,
,,,,,,,,,,,,,,,,,,
,,,,,,,,,,,,,,,,,,
,,,,,,,,,,,,,,,,,,
,,,,,,,,,,,,,,,,,,
,,,,,,,,,,,,,,,,,,
,,,,,,,,,,,,,,,,,,
,,,,,,,,,,,,,,,,,,
,,,,,,,,,,,,,,,,,,
,,,,,,,,,,,,,,,,,,
,,,,,,,,,,,,,,,,,,
,,,,,,,,,,,,,,,,,,
,,,,,,,,,,,,,,,,,,
,,,,,,,,,,,,,,,,,,
,,,,,,,,,,,,,,,,,,
,,,,,,,,,,,,,,,,,,
,,,,,,,,,,,,,,,,,,
,,,,,,,,,,,,,,,,,,
,,,,,,,,,,,,,,,,,,
,,,,,,,,,,,,,,,,,,
,,,,,,,,,,,,,,,,,,
,,,,,,,,,,,,,,,,,,
,,,,,,,,,,,,,,,,,,
,,,,,,,,,,,,,,,,,,
,,,,,,,,,,,,,,,,,,
,,,,,,,,,,,,,,,,,,
,,,,,,,,,,,,,,,,,,
,,,,,,,,,,,,,,,,,,
,,,,,,,,,,,,,,,,,,
,,,,,,,,,,,,,,,,,,
,,,,,,,,,,,,,,,,,,
,,,,,,,,,,,,,,,,,,
,,,,,,,,,,,,,,,,,,
,,,,,,,,,,,,,,,,,,
,,,,,,,,,,,,,,,,,,
,,,,,,,,,,,,,,,,,,
,,,,,,,,,,,,,,,,,,
,,,,,,,,,,,,,,,,,,
,,,,,,,,,,,,,,,,,,
,,,,,,,,,,,,,,,,,,
,,,,,,,,,,,,,,,,,,
,,,,,,,,,,,,,,,,,,
,,,,,,,,,,,,,,,,,,
,,,,,,,,,,,,,,,,,,
,,,,,,,,,,,,,,,,,,
,,,,,,,,,,,,,,,,,,
,,,,,,,,,,,,,,,,,,
,,,,,,,,,,,,,,,,,,
,,,,,,,,,,,,,,,,,,
,,,,,,,,,,,,,,,,,,
,,,,,,,,,,,,,,,,,,
,,,,,,,,,,,,,,,,,,
,,,,,,,,,,,,,,,,,,
,,,,,,,,,,,,,,,,,,
,,,,,,,,,,,,,,,,,,
,,,,,,,,,,,,,,,,,,
,,,,,,,,,,,,,,,,,,
,,,,,,,,,,,,,,,,,,
,,,,,,,,,,,,,,,,,,
,,,,,,,,,,,,,,,,,,
,,,,,,,,,,,,,,,,,,
,,,,,,,,,,,,,,,,,,
,,,,,,,,,,,,,,,,,,
,,,,,,,,,,,,,,,,,,
,,,,,,,,,,,,,,,,,,
,,,,,,,,,,,,,,,,,,
,,,,,,,,,,,,,,,,,,
,,,,,,,,,,,,,,,,,,
,,,,,,,,,,,,,,,,,,
,,,,,,,,,,,,,,,,,,
,,,,,,,,,,,,,,,,,,
,,,,,,,,,,,,,,,,,,
,,,,,,,,,,,,,,,,,,
,,,,,,,,,,,,,,,,,,
,,,,,,,,,,,,,,,,,,
,,,,,,,,,,,,,,,,,,
,,,,,,,,,,,,,,,,,,
,,,,,,,,,,,,,,,,,,
,,,,,,,,,,,,,,,,,,
,,,,,,,,,,,,,,,,,,
,,,,,,,,,,,,,,,,,,
,,,,,,,,,,,,,,,,,,
,,,,,,,,,,,,,,,,,,
,,,,,,,,,,,,,,,,,,
,,,,,,,,,,,,,,,,,,
,,,,,,,,,,,,,,,,,,
,,,,,,,,,,,,,,,,,,
,,,,,,,,,,,,,,,,,,
,,,,,,,,,,,,,,,,,,
,,,,,,,,,,,,,,,,,,
,,,,,,,,,,,,,,,,,,
,,,,,,,,,,,,,,,,,,
,,,,,,,,,,,,,,,,,,
,,,,,,,,,,,,,,,,,,
,,,,,,,,,,,,,,,,,,
,,,,,,,,,,,,,,,,,,
,,,,,,,,,,,,,,,,,,
,,,,,,,,,,,,,,,,,,
,,,,,,,,,,,,,,,,,,
,,,,,,,,,,,,,,,,,,
,,,,,,,,,,,,,,,,,,
,,,,,,,,,,,,,,,,,,
,,,,,,,,,,,,,,,,,,
,,,,,,,,,,,,,,,,,,
,,,,,,,,,,,,,,,,,,
,,,,,,,,,,,,,,,,,,
,,,,,,,,,,,,,,,,,,
,,,,,,,,,,,,,,,,,,
,,,,,,,,,,,,,,,,,,
,,,,,,,,,,,,,,,,,,
,,,,,,,,,,,,,,,,,,
,,,,,,,,,,,,,,,,,,
,,,,,,,,,,,,,,,,,,
,,,,,,,,,,,,,,,,,,
,,,,,,,,,,,,,,,,,,
,,,,,,,,,,,,,,,,,,
,,,,,,,,,,,,,,,,,,
,,,,,,,,,,,,,,,,,,
,,,,,,,,,,,,,,,,,,
,,,,,,,,,,,,,,,,,,
,,,,,,,,,,,,,,,,,,
,,,,,,,,,,,,,,,,,,
,,,,,,,,,,,,,,,,,,
,,,,,,,,,,,,,,,,,,
,,,,,,,,,,,,,,,,,,
,,,,,,,,,,,,,,,,,,
,,,,,,,,,,,,,,,,,,
,,,,,,,,,,,,,,,,,,
,,,,,,,,,,,,,,,,,,
,,,,,,,,,,,,,,,,,,
,,,,,,,,,,,,,,,,,,
,,,,,,,,,,,,,,,,,,
,,,,,,,,,,,,,,,,,,
,,,,,,,,,,,,,,,,,,
,,,,,,,,,,,,,,,,,,
,,,,,,,,,,,,,,,,,,
,,,,,,,,,,,,,,,,,,
,,,,,,,,,,,,,,,,,,
,,,,,,,,,,,,,,,,,,
,,,,,,,,,,,,,,,,,,
,,,,,,,,,,,,,,,,,,
,,,,,,,,,,,,,,,,,,
,,,,,,,,,,,,,,,,,,
,,,,,,,,,,,,,,,,,,
,,,,,,,,,,,,,,,,,,
,,,,,,,,,,,,,,,,,,
,,,,,,,,,,,,,,,,,,
,,,,,,,,,,,,,,,,,,
,,,,,,,,,,,,,,,,,,
,,,,,,,,,,,,,,,,,,
,,,,,,,,,,,,,,,,,,
,,,,,,,,,,,,,,,,,,
,,,,,,,,,,,,,,,,,,
,,,,,,,,,,,,,,,,,,
,,,,,,,,,,,,,,,,,,
,,,,,,,,,,,,,,,,,,
,,,,,,,,,,,,,,,,,,
,,,,,,,,,,,,,,,,,,
,,,,,,,,,,,,,,,,,,
,,,,,,,,,,,,,,,,,,
,,,,,,,,,,,,,,,,,,
,,,,,,,,,,,,,,,,,,
,,,,,,,,,,,,,,,,,,
,,,,,,,,,,,,,,,,,,
,,,,,,,,,,,,,,,,,,
,,,,,,,,,,,,,,,,,,
,,,,,,,,,,,,,,,,,,
,,,,,,,,,,,,,,,,,,
,,,,,,,,,,,,,,,,,,
,,,,,,,,,,,,,,,,,,
,,,,,,,,,,,,,,,,,,
,,,,,,,,,,,,,,,,,,
,,,,,,,,,,,,,,,,,,
,,,,,,,,,,,,,,,,,,
,,,,,,,,,,,,,,,,,,
,,,,,,,,,,,,,,,,,,
,,,,,,,,,,,,,,,,,,
,,,,,,,,,,,,,,,,,,
,,,,,,,,,,,,,,,,,,
,,,,,,,,,,,,,,,,,,
,,,,,,,,,,,,,,,,,,
,,,,,,,,,,,,,,,,,,
,,,,,,,,,,,,,,,,,,
,,,,,,,,,,,,,,,,,,
,,,,,,,,,,,,,,,,,,
,,,,,,,,,,,,,,,,,,
,,,,,,,,,,,,,,,,,,
,,,,,,,,,,,,,,,,,,
,,,,,,,,,,,,,,,,,,
,,,,,,,,,,,,,,,,,,
,,,,,,,,,,,,,,,,,,
,,,,,,,,,,,,,,,,,,
,,,,,,,,,,,,,,,,,,
,,,,,,,,,,,,,,,,,,
,,,,,,,,,,,,,,,,,,
,,,,,,,,,,,,,,,,,,
,,,,,,,,,,,,,,,,,,
,,,,,,,,,,,,,,,,,,
,,,,,,,,,,,,,,,,,,
,,,,,,,,,,,,,,,,,,
,,,,,,,,,,,,,,,,,,
,,,,,,,,,,,,,,,,,,
,,,,,,,,,,,,,,,,,,
,,,,,,,,,,,,,,,,,,
,,,,,,,,,,,,,,,,,,
,,,,,,,,,,,,,,,,,,
,,,,,,,,,,,,,,,,,,
,,,,,,,,,,,,,,,,,,
,,,,,,,,,,,,,,,,,,
,,,,,,,,,,,,,,,,,,
,,,,,,,,,,,,,,,,,,
,,,,,,,,,,,,,,,,,,
,,,,,,,,,,,,,,,,,,
,,,,,,,,,,,,,,,,,,
,,,,,,,,,,,,,,,,,,
,,,,,,,,,,,,,,,,,,
,,,,,,,,,,,,,,,,,,
,,,,,,,,,,,,,,,,,,
,,,,,,,,,,,,,,,,,,
,,,,,,,,,,,,,,,,,,
,,,,,,,,,,,,,,,,,,
,,,,,,,,,,,,,,,,,,
,,,,,,,,,,,,,,,,,,
,,,,,,,,,,,,,,,,,,
,,,,,,,,,,,,,,,,,,
,,,,,,,,,,,,,,,,,,
,,,,,,,,,,,,,,,,,,
,,,,,,,,,,,,,,,,,,
,,,,,,,,,,,,,,,,,,
,,,,,,,,,,,,,,,,,,
,,,,,,,,,,,,,,,,,,
,,,,,,,,,,,,,,,,,,
,,,,,,,,,,,,,,,,,,
,,,,,,,,,,,,,,,,,,
,,,,,,,,,,,,,,,,,,
,,,,,,,,,,,,,,,,,,
,,,,,,,,,,,,,,,,,,
,,,,,,,,,,,,,,,,,,
,,,,,,,,,,,,,,,,,,
,,,,,,,,,,,,,,,,,,
,,,,,,,,,,,,,,,,,,
,,,,,,,,,,,,,,,,,,
,,,,,,,,,,,,,,,,,,
,,,,,,,,,,,,,,,,,,
,,,,,,,,,,,,,,,,,,
,,,,,,,,,,,,,,,,,,
,,,,,,,,,,,,,,,,,,
,,,,,,,,,,,,,,,,,,
,,,,,,,,,,,,,,,,,,
,,,,,,,,,,,,,,,,,,
,,,,,,,,,,,,,,,,,,
,,,,,,,,,,,,,,,,,,
,,,,,,,,,,,,,,,,,,
,,,,,,,,,,,,,,,,,,
,,,,,,,,,,,,,,,,,,
,,,,,,,,,,,,,,,,,,
,,,,,,,,,,,,,,,,,,
,,,,,,,,,,,,,,,,,,
,,,,,,,,,,,,,,,,,,
,,,,,,,,,,,,,,,,,,
,,,,,,,,,,,,,,,,,,
,,,,,,,,,,,,,,,,,,
,,,,,,,,,,,,,,,,,,
,,,,,,,,,,,,,,,,,,
,,,,,,,,,,,,,,,,,,
,,,,,,,,,,,,,,,,,,
,,,,,,,,,,,,,,,,,,
,,,,,,,,,,,,,,,,,,
,,,,,,,,,,,,,,,,,,
,,,,,,,,,,,,,,,,,,
,,,,,,,,,,,,,,,,,,
,,,,,,,,,,,,,,,,,,
,,,,,,,,,,,,,,,,,,
,,,,,,,,,,,,,,,,,,
,,,,,,,,,,,,,,,,,,
,,,,,,,,,,,,,,,,,,
,,,,,,,,,,,,,,,,,,
,,,,,,,,,,,,,,,,,,
,,,,,,,,,,,,,,,,,,
,,,,,,,,,,,,,,,,,,
,,,,,,,,,,,,,,,,,,
,,,,,,,,,,,,,,,,,,
,,,,,,,,,,,,,,,,,,
,,,,,,,,,,,,,,,,,,
,,,,,,,,,,,,,,,,,,
,,,,,,,,,,,,,,,,,,
,,,,,,,,,,,,,,,,,,
,,,,,,,,,,,,,,,,,,
,,,,,,,,,,,,,,,,,,
,,,,,,,,,,,,,,,,,,
,,,,,,,,,,,,,,,,,,
,,,,,,,,,,,,,,,,,,
,,,,,,,,,,,,,,,,,,
,,,,,,,,,,,,,,,,,,
,,,,,,,,,,,,,,,,,,
,,,,,,,,,,,,,,,,,,
,,,,,,,,,,,,,,,,,,
,,,,,,,,,,,,,,,,,,
,,,,,,,,,,,,,,,,,,
,,,,,,,,,,,,,,,,,,
,,,,,,,,,,,,,,,,,,
,,,,,,,,,,,,,,,,,,
,,,,,,,,,,,,,,,,,,
,,,,,,,,,,,,,,,,,,
,,,,,,,,,,,,,,,,,,
,,,,,,,,,,,,,,,,,,
,,,,,,,,,,,,,,,,,,
,,,,,,,,,,,,,,,,,,
,,,,,,,,,,,,,,,,,,
,,,,,,,,,,,,,,,,,,
,,,,,,,,,,,,,,,,,,
,,,,,,,,,,,,,,,,,,
,,,,,,,,,,,,,,,,,,
,,,,,,,,,,,,,,,,,,
,,,,,,,,,,,,,,,,,,
,,,,,,,,,,,,,,,,,,
,,,,,,,,,,,,,,,,,,
,,,,,,,,,,,,,,,,,,
,,,,,,,,,,,,,,,,,,
,,,,,,,,,,,,,,,,,,
,,,,,,,,,,,,,,,,,,
,,,,,,,,,,,,,,,,,,
,,,,,,,,,,,,,,,,,,
,,,,,,,,,,,,,,,,,,
,,,,,,,,,,,,,,,,,,
,,,,,,,,,,,,,,,,,,
,,,,,,,,,,,,,,,,,,
,,,,,,,,,,,,,,,,,,
,,,,,,,,,,,,,,,,,,
,,,,,,,,,,,,,,,,,,
,,,,,,,,,,,,,,,,,,
,,,,,,,,,,,,,,,,,,
,,,,,,,,,,,,,,,,,,
,,,,,,,,,,,,,,,,,,
,,,,,,,,,,,,,,,,,,
,,,,,,,,,,,,,,,,,,
,,,,,,,,,,,,,,,,,,
,,,,,,,,,,,,,,,,,,
,,,,,,,,,,,,,,,,,,
,,,,,,,,,,,,,,,,,,
,,,,,,,,,,,,,,,,,,
,,,,,,,,,,,,,,,,,,
,,,,,,,,,,,,,,,,,,
,,,,,,,,,,,,,,,,,,
,,,,,,,,,,,,,,,,,,
,,,,,,,,,,,,,,,,,,
,,,,,,,,,,,,,,,,,,
,,,,,,,,,,,,,,,,,,
,,,,,,,,,,,,,,,,,,
,,,,,,,,,,,,,,,,,,
,,,,,,,,,,,,,,,,,,
,,,,,,,,,,,,,,,,,,
,,,,,,,,,,,,,,,,,,
,,,,,,,,,,,,,,,,,,
,,,,,,,,,,,,,,,,,,
,,,,,,,,,,,,,,,,,,
,,,,,,,,,,,,,,,,,,
,,,,,,,,,,,,,,,,,,
,,,,,,,,,,,,,,,,,,
,,,,,,,,,,,,,,,,,,
,,,,,,,,,,,,,,,,,,
,,,,,,,,,,,,,,,,,,
,,,,,,,,,,,,,,,,,,
,,,,,,,,,,,,,,,,,,
,,,,,,,,,,,,,,,,,,
,,,,,,,,,,,,,,,,,,
,,,,,,,,,,,,,,,,,,
,,,,,,,,,,,,,,,,,,
,,,,,,,,,,,,,,,,,,
,,,,,,,,,,,,,,,,,,
,,,,,,,,,,,,,,,,,,
,,,,,,,,,,,,,,,,,,
,,,,,,,,,,,,,,,,,,
,,,,,,,,,,,,,,,,,,
,,,,,,,,,,,,,,,,,,
,,,,,,,,,,,,,,,,,,
,,,,,,,,,,,,,,,,,,
,,,,,,,,,,,,,,,,,,
,,,,,,,,,,,,,,,,,,
,,,,,,,,,,,,,,,,,,
,,,,,,,,,,,,,,,,,,
,,,,,,,,,,,,,,,,,,
,,,,,,,,,,,,,,,,,,
,,,,,,,,,,,,,,,,,,
,,,,,,,,,,,,,,,,,,
,,,,,,,,,,,,,,,,,,
,,,,,,,,,,,,,,,,,,
,,,,,,,,,,,,,,,,,,
,,,,,,,,,,,,,,,,,,
,,,,,,,,,,,,,,,,,,
,,,,,,,,,,,,,,,,,,
,,,,,,,,,,,,,,,,,,
,,,,,,,,,,,,,,,,,,
,,,,,,,,,,,,,,,,,,
,,,,,,,,,,,,,,,,,,
,,,,,,,,,,,,,,,,,,
,,,,,,,,,,,,,,,,,,
,,,,,,,,,,,,,,,,,,
,,,,,,,,,,,,,,,,,,
,,,,,,,,,,,,,,,,,,
,,,,,,,,,,,,,,,,,,
,,,,,,,,,,,,,,,,,,
,,,,,,,,,,,,,,,,,,
,,,,,,,,,,,,,,,,,,
,,,,,,,,,,,,,,,,,,
,,,,,,,,,,,,,,,,,,
,,,,,,,,,,,,,,,,,,
,,,,,,,,,,,,,,,,,,
,,,,,,,,,,,,,,,,,,
,,,,,,,,,,,,,,,,,,
,,,,,,,,,,,,,,,,,,
,,,,,,,,,,,,,,,,,,
,,,,,,,,,,,,,,,,,,
,,,,,,,,,,,,,,,,,,
,,,,,,,,,,,,,,,,,,
,,,,,,,,,,,,,,,,,,
,,,,,,,,,,,,,,,,,,
,,,,,,,,,,,,,,,,,,
,,,,,,,,,,,,,,,,,,
,,,,,,,,,,,,,,,,,,
,,,,,,,,,,,,,,,,,,
,,,,,,,,,,,,,,,,,,
,,,,,,,,,,,,,,,,,,
,,,,,,,,,,,,,,,,,,
,,,,,,,,,,,,,,,,,,
,,,,,,,,,,,,,,,,,,
,,,,,,,,,,,,,,,,,,
,,,,,,,,,,,,,,,,,,
,,,,,,,,,,,,,,,,,,
,,,,,,,,,,,,,,,,,,
,,,,,,,,,,,,,,,,,,
,,,,,,,,,,,,,,,,,,
,,,,,,,,,,,,,,,,,,
,,,,,,,,,,,,,,,,,,
,,,,,,,,,,,,,,,,,,
,,,,,,,,,,,,,,,,,,
,,,,,,,,,,,,,,,,,,
,,,,,,,,,,,,,,,,,,
,,,,,,,,,,,,,,,,,,
,,,,,,,,,,,,,,,,,,
,,,,,,,,,,,,,,,,,,
,,,,,,,,,,,,,,,,,,
,,,,,,,,,,,,,,,,,,
,,,,,,,,,,,,,,,,,,
,,,,,,,,,,,,,,,,,,
,,,,,,,,,,,,,,,,,,
,,,,,,,,,,,,,,,,,,
,,,,,,,,,,,,,,,,,,
,,,,,,,,,,,,,,,,,,
,,,,,,,,,,,,,,,,,,
,,,,,,,,,,,,,,,,,,
,,,,,,,,,,,,,,,,,,
,,,,,,,,,,,,,,,,,,
,,,,,,,,,,,,,,,,,,
,,,,,,,,,,,,,,,,,,
,,,,,,,,,,,,,,,,,,
,,,,,,,,,,,,,,,,,,
,,,,,,,,,,,,,,,,,,
,,,,,,,,,,,,,,,,,,
,,,,,,,,,,,,,,,,,,
,,,,,,,,,,,,,,,,,,
,,,,,,,,,,,,,,,,,,
,,,,,,,,,,,,,,,,,,
,,,,,,,,,,,,,,,,,,
,,,,,,,,,,,,,,,,,,
,,,,,,,,,,,,,,,,,,
,,,,,,,,,,,,,,,,,,
,,,,,,,,,,,,,,,,,,
,,,,,,,,,,,,,,,,,,
,,,,,,,,,,,,,,,,,,
,,,,,,,,,,,,,,,,,,
,,,,,,,,,,,,,,,,,,
,,,,,,,,,,,,,,,,,,
,,,,,,,,,,,,,,,,,,
,,,,,,,,,,,,,,,,,,
,,,,,,,,,,,,,,,,,,
,,,,,,,,,,,,,,,,,,
,,,,,,,,,,,,,,,,,,
,,,,,,,,,,,,,,,,,,
,,,,,,,,,,,,,,,,,,
,,,,,,,,,,,,,,,,,,
,,,,,,,,,,,,,,,,,,
,,,,,,,,,,,,,,,,,,
,,,,,,,,,,,,,,,,,,
,,,,,,,,,,,,,,,,,,
,,,,,,,,,,,,,,,,,,
,,,,,,,,,,,,,,,,,,
,,,,,,,,,,,,,,,,,,
,,,,,,,,,,,,,,,,,,
,,,,,,,,,,,,,,,,,,
,,,,,,,,,,,,,,,,,,
,,,,,,,,,,,,,,,,,,
,,,,,,,,,,,,,,,,,,
,,,,,,,,,,,,,,,,,,
,,,,,,,,,,,,,,,,,,
,,,,,,,,,,,,,,,,,,
,,,,,,,,,,,,,,,,,,
,,,,,,,,,,,,,,,,,,
,,,,,,,,,,,,,,,,,,
,,,,,,,,,,,,,,,,,,
,,,,,,,,,,,,,,,,,,
,,,,,,,,,,,,,,,,,,
,,,,,,,,,,,,,,,,,,
,,,,,,,,,,,,,,,,,,
,,,,,,,,,,,,,,,,,,
,,,,,,,,,,,,,,,,,,
,,,,,,,,,,,,,,,,,,
,,,,,,,,,,,,,,,,,,
,,,,,,,,,,,,,,,,,,
,,,,,,,,,,,,,,,,,,
,,,,,,,,,,,,,,,,,,
,,,,,,,,,,,,,,,,,,
,,,,,,,,,,,,,,,,,,
,,,,,,,,,,,,,,,,,,
,,,,,,,,,,,,,,,,,,
,,,,,,,,,,,,,,,,,,
,,,,,,,,,,,,,,,,,,
,,,,,,,,,,,,,,,,,,
,,,,,,,,,,,,,,,,,,
,,,,,,,,,,,,,,,,,,
,,,,,,,,,,,,,,,,,,
,,,,,,,,,,,,,,,,,,
,,,,,,,,,,,,,,,,,,
,,,,,,,,,,,,,,,,,,
,,,,,,,,,,,,,,,,,,
,,,,,,,,,,,,,,,,,,
,,,,,,,,,,,,,,,,,,
,,,,,,,,,,,,,,,,,,
,,,,,,,,,,,,,,,,,,
,,,,,,,,,,,,,,,,,,
,,,,,,,,,,,,,,,,,,
,,,,,,,,,,,,,,,,,,
,,,,,,,,,,,,,,,,,,
,,,,,,,,,,,,,,,,,,
,,,,,,,,,,,,,,,,,,
,,,,,,,,,,,,,,,,,,
,,,,,,,,,,,,,,,,,,
,,,,,,,,,,,,,,,,,,
,,,,,,,,,,,,,,,,,,
,,,,,,,,,,,,,,,,,,
,,,,,,,,,,,,,,,,,,
,,,,,,,,,,,,,,,,,,
,,,,,,,,,,,,,,,,,,
,,,,,,,,,,,,,,,,,,
,,,,,,,,,,,,,,,,,,
,,,,,,,,,,,,,,,,,,
,,,,,,,,,,,,,,,,,,
,,,,,,,,,,,,,,,,,,
,,,,,,,,,,,,,,,,,,
,,,,,,,,,,,,,,,,,,
,,,,,,,,,,,,,,,,,,
,,,,,,,,,,,,,,,,,,
,,,,,,,,,,,,,,,,,,
,,,,,,,,,,,,,,,,,,
,,,,,,,,,,,,,,,,,,
,,,,,,,,,,,,,,,,,,
,,,,,,,,,,,,,,,,,,
,,,,,,,,,,,,,,,,,,
,,,,,,,,,,,,,,,,,,
,,,,,,,,,,,,,,,,,,
,,,,,,,,,,,,,,,,,,
,,,,,,,,,,,,,,,,,,
,,,,,,,,,,,,,,,,,,
,,,,,,,,,,,,,,,,,,
,,,,,,,,,,,,,,,,,,
,,,,,,,,,,,,,,,,,,
,,,,,,,,,,,,,,,,,,
,,,,,,,,,,,,,,,,,,
,,,,,,,,,,,,,,,,,,
,,,,,,,,,,,,,,,,,,
,,,,,,,,,,,,,,,,,,
,,,,,,,,,,,,,,,,,,
,,,,,,,,,,,,,,,,,,
,,,,,,,,,,,,,,,,,,
,,,,,,,,,,,,,,,,,,
,,,,,,,,,,,,,,,,,,
,,,,,,,,,,,,,,,,,,
,,,,,,,,,,,,,,,,,,
,,,,,,,,,,,,,,,,,,
,,,,,,,,,,,,,,,,,,
,,,,,,,,,,,,,,,,,,
,,,,,,,,,,,,,,,,,,
,,,,,,,,,,,,,,,,,,
,,,,,,,,,,,,,,,,,,
,,,,,,,,,,,,,,,,,,
,,,,,,,,,,,,,,,,,,
,,,,,,,,,,,,,,,,,,
,,,,,,,,,,,,,,,,,,
,,,,,,,,,,,,,,,,,,
,,,,,,,,,,,,,,,,,,
,,,,,,,,,,,,,,,,,,
,,,,,,,,,,,,,,,,,,
,,,,,,,,,,,,,,,,,,
,,,,,,,,,,,,,,,,,,
,,,,,,,,,,,,,,,,,,
,,,,,,,,,,,,,,,,,,
,,,,,,,,,,,,,,,,,,
,,,,,,,,,,,,,,,,,,
,,,,,,,,,,,,,,,,,,
,,,,,,,,,,,,,,,,,,
,,,,,,,,,,,,,,,,,,
,,,,,,,,,,,,,,,,,,
,,,,,,,,,,,,,,,,,,
,,,,,,,,,,,,,,,,,,
,,,,,,,,,,,,,,,,,,
,,,,,,,,,,,,,,,,,,
,,,,,,,,,,,,,,,,,,
,,,,,,,,,,,,,,,,,,
,,,,,,,,,,,,,,,,,,
,,,,,,,,,,,,,,,,,,
,,,,,,,,,,,,,,,,,,
,,,,,,,,,,,,,,,,,,
,,,,,,,,,,,,,,,,,,
,,,,,,,,,,,,,,,,,,
,,,,,,,,,,,,,,,,,,
,,,,,,,,,,,,,,,,,,
,,,,,,,,,,,,,,,,,,
,,,,,,,,,,,,,,,,,,
,,,,,,,,,,,,,,,,,,
,,,,,,,,,,,,,,,,,,
,,,,,,,,,,,,,,,,,,
,,,,,,,,,,,,,,,,,,
,,,,,,,,,,,,,,,,,,
,,,,,,,,,,,,,,,,,,
,,,,,,,,,,,,,,,,,,
,,,,,,,,,,,,,,,,,,
,,,,,,,,,,,,,,,,,,
,,,,,,,,,,,,,,,,,,
,,,,,,,,,,,,,,,,,,
,,,,,,,,,,,,,,,,,,
,,,,,,,,,,,,,,,,,,
,,,,,,,,,,,,,,,,,,
,,,,,,,,,,,,,,,,,,
,,,,,,,,,,,,,,,,,,
,,,,,,,,,,,,,,,,,,
,,,,,,,,,,,,,,,,,,
,,,,,,,,,,,,,,,,,,
,,,,,,,,,,,,,,,,,,
,,,,,,,,,,,,,,,,,,
,,,,,,,,,,,,,,,,,,
,,,,,,,,,,,,,,,,,,
,,,,,,,,,,,,,,,,,,
,,,,,,,,,,,,,,,,,,
,,,,,,,,,,,,,,,,,,
,,,,,,,,,,,,,,,,,,
,,,,,,,,,,,,,,,,,,
,,,,,,,,,,,,,,,,,,
,,,,,,,,,,,,,,,,,,
,,,,,,,,,,,,,,,,,,
,,,,,,,,,,,,,,,,,,
,,,,,,,,,,,,,,,,,,
,,,,,,,,,,,,,,,,,,
,,,,,,,,,,,,,,,,,,
,,,,,,,,,,,,,,,,,,
,,,,,,,,,,,,,,,,,,
,,,,,,,,,,,,,,,,,,
,,,,,,,,,,,,,,,,,,
,,,,,,,,,,,,,,,,,,
,,,,,,,,,,,,,,,,,,
,,,,,,,,,,,,,,,,,,
,,,,,,,,,,,,,,,,,,
,,,,,,,,,,,,,,,,,,
,,,,,,,,,,,,,,,,,,
,,,,,,,,,,,,,,,,,,
,,,,,,,,,,,,,,,,,,
,,,,,,,,,,,,,,,,,,
,,,,,,,,,,,,,,,,,,
,,,,,,,,,,,,,,,,,,
,,,,,,,,,,,,,,,,,,
,,,,,,,,,,,,,,,,,,
,,,,,,,,,,,,,,,,,,
,,,,,,,,,,,,,,,,,,
,,,,,,,,,,,,,,,,,,
,,,,,,,,,,,,,,,,,,
,,,,,,,,,,,,,,,,,,
,,,,,,,,,,,,,,,,,,
,,,,,,,,,,,,,,,,,,
,,,,,,,,,,,,,,,,,,
,,,,,,,,,,,,,,,,,,
,,,,,,,,,,,,,,,,,,
,,,,,,,,,,,,,,,,,,
,,,,,,,,,,,,,,,,,,
,,,,,,,,,,,,,,,,,,
,,,,,,,,,,,,,,,,,,
,,,,,,,,,,,,,,,,,,
,,,,,,,,,,,,,,,,,,
,,,,,,,,,,,,,,,,,,
,,,,,,,,,,,,,,,,,,
,,,,,,,,,,,,,,,,,,
,,,,,,,,,,,,,,,,,,
,,,,,,,,,,,,,,,,,,
,,,,,,,,,,,,,,,,,,
,,,,,,,,,,,,,,,,,,
,,,,,,,,,,,,,,,,,,
,,,,,,,,,,,,,,,,,,
,,,,,,,,,,,,,,,,,,
,,,,,,,,,,,,,,,,,,
,,,,,,,,,,,,,,,,,,
,,,,,,,,,,,,,,,,,,
,,,,,,,,,,,,,,,,,,
,,,,,,,,,,,,,,,,,,
,,,,,,,,,,,,,,,,,,
,,,,,,,,,,,,,,,,,,
,,,,,,,,,,,,,,,,,,
,,,,,,,,,,,,,,,,,,
,,,,,,,,,,,,,,,,,,
,,,,,,,,,,,,,,,,,,
,,,,,,,,,,,,,,,,,,
,,,,,,,,,,,,,,,,,,
,,,,,,,,,,,,,,,,,,
,,,,,,,,,,,,,,,,,,
,,,,,,,,,,,,,,,,,,
,,,,,,,,,,,,,,,,,,
,,,,,,,,,,,,,,,,,,
,,,,,,,,,,,,,,,,,,
,,,,,,,,,,,,,,,,,,
,,,,,,,,,,,,,,,,,,
,,,,,,,,,,,,,,,,,,
,,,,,,,,,,,,,,,,,,
,,,,,,,,,,,,,,,,,,
,,,,,,,,,,,,,,,,,,
,,,,,,,,,,,,,,,,,,
,,,,,,,,,,,,,,,,,,
,,,,,,,,,,,,,,,,,,
,,,,,,,,,,,,,,,,,,
,,,,,,,,,,,,,,,,,,
,,,,,,,,,,,,,,,,,,
,,,,,,,,,,,,,,,,,,
,,,,,,,,,,,,,,,,,,
,,,,,,,,,,,,,,,,,,
,,,,,,,,,,,,,,,,,,
,,,,,,,,,,,,,,,,,,
,,,,,,,,,,,,,,,,,,
,,,,,,,,,,,,,,,,,,
,,,,,,,,,,,,,,,,,,
,,,,,,,,,,,,,,,,,,
,,,,,,,,,,,,,,,,,,
,,,,,,,,,,,,,,,,,,
,,,,,,,,,,,,,,,,,,
,,,,,,,,,,,,,,,,,,
,,,,,,,,,,,,,,,,,,
,,,,,,,,,,,,,,,,,,
,,,,,,,,,,,,,,,,,,
,,,,,,,,,,,,,,,,,,
,,,,,,,,,,,,,,,,,,
,,,,,,,,,,,,,,,,,,
,,,,,,,,,,,,,,,,,,
,,,,,,,,,,,,,,,,,,
,,,,,,,,,,,,,,,,,,
,,,,,,,,,,,,,,,,,,
,,,,,,,,,,,,,,,,,,
,,,,,,,,,,,,,,,,,,
,,,,,,,,,,,,,,,,,,
,,,,,,,,,,,,,,,,,,
,,,,,,,,,,,,,,,,,,
,,,,,,,,,,,,,,,,,,
,,,,,,,,,,,,,,,,,,
,,,,,,,,,,,,,,,,,,
,,,,,,,,,,,,,,,,,,
,,,,,,,,,,,,,,,,,,
,,,,,,,,,,,,,,,,,,
,,,,,,,,,,,,,,,,,,
,,,,,,,,,,,,,,,,,,
,,,,,,,,,,,,,,,,,,
,,,,,,,,,,,,,,,,,,
,,,,,,,,,,,,,,,,,,
,,,,,,,,,,,,,,,,,,
,,,,,,,,,,,,,,,,,,
,,,,,,,,,,,,,,,,,,
,,,,,,,,,,,,,,,,,,
,,,,,,,,,,,,,,,,,,
,,,,,,,,,,,,,,,,,,
,,,,,,,,,,,,,,,,,,
,,,,,,,,,,,,,,,,,,
,,,,,,,,,,,,,,,,,,
,,,,,,,,,,,,,,,,,,
,,,,,,,,,,,,,,,,,,
,,,,,,,,,,,,,,,,,,
,,,,,,,,,,,,,,,,,,
,,,,,,,,,,,,,,,,,,
,,,,,,,,,,,,,,,,,,
,,,,,,,,,,,,,,,,,,
,,,,,,,,,,,,,,,,,,
,,,,,,,,,,,,,,,,,,
,,,,,,,,,,,,,,,,,,
,,,,,,,,,,,,,,,,,,
,,,,,,,,,,,,,,,,,,
,,,,,,,,,,,,,,,,,,
,,,,,,,,,,,,,,,,,,
,,,,,,,,,,,,,,,,,,
,,,,,,,,,,,,,,,,,,
,,,,,,,,,,,,,,,,,,
,,,,,,,,,,,,,,,,,,
,,,,,,,,,,,,,,,,,,
,,,,,,,,,,,,,,,,,,
,,,,,,,,,,,,,,,,,,
,,,,,,,,,,,,,,,,,,
,,,,,,,,,,,,,,,,,,
,,,,,,,,,,,,,,,,,,
,,,,,,,,,,,,,,,,,,
,,,,,,,,,,,,,,,,,,
,,,,,,,,,,,,,,,,,,
,,,,,,,,,,,,,,,,,,
,,,,,,,,,,,,,,,,,,
,,,,,,,,,,,,,,,,,,
,,,,,,,,,,,,,,,,,,
,,,,,,,,,,,,,,,,,,
,,,,,,,,,,,,,,,,,,
,,,,,,,,,,,,,,,,,,
,,,,,,,,,,,,,,,,,,
,,,,,,,,,,,,,,,,,,
,,,,,,,,,,,,,,,,,,
,,,,,,,,,,,,,,,,,,
,,,,,,,,,,,,,,,,,,
,,,,,,,,,,,,,,,,,,
,,,,,,,,,,,,,,,,,,
,,,,,,,,,,,,,,,,,,
,,,,,,,,,,,,,,,,,,
,,,,,,,,,,,,,,,,,,
,,,,,,,,,,,,,,,,,,
,,,,,,,,,,,,,,,,,,
,,,,,,,,,,,,,,,,,,
,,,,,,,,,,,,,,,,,,
,,,,,,,,,,,,,,,,,,
,,,,,,,,,,,,,,,,,,
,,,,,,,,,,,,,,,,,,
,,,,,,,,,,,,,,,,,,
,,,,,,,,,,,,,,,,,,
,,,,,,,,,,,,,,,,,,
,,,,,,,,,,,,,,,,,,
,,,,,,,,,,,,,,,,,,
,,,,,,,,,,,,,,,,,,
,,,,,,,,,,,,,,,,,,
,,,,,,,,,,,,,,,,,,
,,,,,,,,,,,,,,,,,,
,,,,,,,,,,,,,,,,,,
,,,,,,,,,,,,,,,,,,
,,,,,,,,,,,,,,,,,,
,,,,,,,,,,,,,,,,,,
,,,,,,,,,,,,,,,,,,
,,,,,,,,,,,,,,,,,,
,,,,,,,,,,,,,,,,,,
,,,,,,,,,,,,,,,,,,
,,,,,,,,,,,,,,,,,,
,,,,,,,,,,,,,,,,,,
,,,,,,,,,,,,,,,,,,
,,,,,,,,,,,,,,,,,,
,,,,,,,,,,,,,,,,,,
,,,,,,,,,,,,,,,,,,
,,,,,,,,,,,,,,,,,,
,,,,,,,,,,,,,,,,,,
,,,,,,,,,,,,,,,,,,
,,,,,,,,,,,,,,,,,,
,,,,,,,,,,,,,,,,,,
,,,,,,,,,,,,,,,,,,
,,,,,,,,,,,,,,,,,,
,,,,,,,,,,,,,,,,,,
,,,,,,,,,,,,,,,,,,
,,,,,,,,,,,,,,,,,,
,,,,,,,,,,,,,,,,,,
,,,,,,,,,,,,,,,,,,
,,,,,,,,,,,,,,,,,,
,,,,,,,,,,,,,,,,,,
,,,,,,,,,,,,,,,,,,
,,,,,,,,,,,,,,,,,,
,,,,,,,,,,,,,,,,,,
,,,,,,,,,,,,,,,,,,
,,,,,,,,,,,,,,,,,,
,,,,,,,,,,,,,,,,,,
,,,,,,,,,,,,,,,,,,
,,,,,,,,,,,,,,,,,,
,,,,,,,,,,,,,,,,,,
,,,,,,,,,,,,,,,,,,
,,,,,,,,,,,,,,,,,,
,,,,,,,,,,,,,,,,,,
,,,,,,,,,,,,,,,,,,
,,,,,,,,,,,,,,,,,,
,,,,,,,,,,,,,,,,,,
,,,,,,,,,,,,,,,,,,
,,,,,,,,,,,,,,,,,,
,,,,,,,,,,,,,,,,,,
,,,,,,,,,,,,,,,,,,
,,,,,,,,,,,,,,,,,,
,,,,,,,,,,,,,,,,,,
,,,,,,,,,,,,,,,,,,
,,,,,,,,,,,,,,,,,,
,,,,,,,,,,,,,,,,,,
,,,,,,,,,,,,,,,,,,
,,,,,,,,,,,,,,,,,,
,,,,,,,,,,,,,,,,,,
,,,,,,,,,,,,,,,,,,
,,,,,,,,,,,,,,,,,,
,,,,,,,,,,,,,,,,,,
,,,,,,,,,,,,,,,,,,
,,,,,,,,,,,,,,,,,,
,,,,,,,,,,,,,,,,,,
,,,,,,,,,,,,,,,,,,
,,,,,,,,,,,,,,,,,,
,,,,,,,,,,,,,,,,,,
,,,,,,,,,,,,,,,,,,
,,,,,,,,,,,,,,,,,,
,,,,,,,,,,,,,,,,,,
,,,,,,,,,,,,,,,,,,
,,,,,,,,,,,,,,,,,,
,,,,,,,,,,,,,,,,,,
,,,,,,,,,,,,,,,,,,
,,,,,,,,,,,,,,,,,,
,,,,,,,,,,,,,,,,,,
,,,,,,,,,,,,,,,,,,
,,,,,,,,,,,,,,,,,,
,,,,,,,,,,,,,,,,,,
,,,,,,,,,,,,,,,,,,
,,,,,,,,,,,,,,,,,,
,,,,,,,,,,,,,,,,,,
,,,,,,,,,,,,,,,,,,
,,,,,,,,,,,,,,,,,,
,,,,,,,,,,,,,,,,,,
,,,,,,,,,,,,,,,,,,
,,,,,,,,,,,,,,,,,,
,,,,,,,,,,,,,,,,,,
,,,,,,,,,,,,,,,,,,
,,,,,,,,,,,,,,,,,,
,,,,,,,,,,,,,,,,,,
,,,,,,,,,,,,,,,,,,
,,,,,,,,,,,,,,,,,,
,,,,,,,,,,,,,,,,,,
,,,,,,,,,,,,,,,,,,
,,,,,,,,,,,,,,,,,,
,,,,,,,,,,,,,,,,,,
,,,,,,,,,,,,,,,,,,
,,,,,,,,,,,,,,,,,,
,,,,,,,,,,,,,,,,,,
,,,,,,,,,,,,,,,,,,
,,,,,,,,,,,,,,,,,,
,,,,,,,,,,,,,,,,,,
,,,,,,,,,,,,,,,,,,
,,,,,,,,,,,,,,,,,,
,,,,,,,,,,,,,,,,,,
,,,,,,,,,,,,,,,,,,
,,,,,,,,,,,,,,,,,,
,,,,,,,,,,,,,,,,,,
,,,,,,,,,,,,,,,,,,
,,,,,,,,,,,,,,,,,,
,,,,,,,,,,,,,,,,,,
,,,,,,,,,,,,,,,,,,
,,,,,,,,,,,,,,,,,,
,,,,,,,,,,,,,,,,,,
,,,,,,,,,,,,,,,,,,
,,,,,,,,,,,,,,,,,,
,,,,,,,,,,,,,,,,,,
,,,,,,,,,,,,,,,,,,
,,,,,,,,,,,,,,,,,,
,,,,,,,,,,,,,,,,,,
,,,,,,,,,,,,,,,,,,
,,,,,,,,,,,,,,,,,,
,,,,,,,,,,,,,,,,,,
,,,,,,,,,,,,,,,,,,
,,,,,,,,,,,,,,,,,,
,,,,,,,,,,,,,,,,,,
,,,,,,,,,,,,,,,,,,
,,,,,,,,,,,,,,,,,,
,,,,,,,,,,,,,,,,,,
,,,,,,,,,,,,,,,,,,
,,,,,,,,,,,,,,,,,,
,,,,,,,,,,,,,,,,,,
,,,,,,,,,,,,,,,,,,
,,,,,,,,,,,,,,,,,,
,,,,,,,,,,,,,,,,,,
,,,,,,,,,,,,,,,,,,
,,,,,,,,,,,,,,,,,,
,,,,,,,,,,,,,,,,,,
,,,,,,,,,,,,,,,,,,
,,,,,,,,,,,,,,,,,,
,,,,,,,,,,,,,,,,,,
,,,,,,,,,,,,,,,,,,
,,,,,,,,,,,,,,,,,,
,,,,,,,,,,,,,,,,,,
,,,,,,,,,,,,,,,,,,
,,,,,,,,,,,,,,,,,,
,,,,,,,,,,,,,,,,,,
,,,,,,,,,,,,,,,,,,
,,,,,,,,,,,,,,,,,,
,,,,,,,,,,,,,,,,,,
,,,,,,,,,,,,,,,,,,
,,,,,,,,,,,,,,,,,,
,,,,,,,,,,,,,,,,,,
,,,,,,,,,,,,,,,,,,
,,,,,,,,,,,,,,,,,,
,,,,,,,,,,,,,,,,,,
,,,,,,,,,,,,,,,,,,
,,,,,,,,,,,,,,,,,,
,,,,,,,,,,,,,,,,,,
,,,,,,,,,,,,,,,,,,
,,,,,,,,,,,,,,,,,,
,,,,,,,,,,,,,,,,,,
,,,,,,,,,,,,,,,,,,
,,,,,,,,,,,,,,,,,,
,,,,,,,,,,,,,,,,,,
,,,,,,,,,,,,,,,,,,
,,,,,,,,,,,,,,,,,,
,,,,,,,,,,,,,,,,,,
,,,,,,,,,,,,,,,,,,
,,,,,,,,,,,,,,,,,,
,,,,,,,,,,,,,,,,,,
,,,,,,,,,,,,,,,,,,
,,,,,,,,,,,,,,,,,,
,,,,,,,,,,,,,,,,,,
,,,,,,,,,,,,,,,,,,
,,,,,,,,,,,,,,,,,,
,,,,,,,,,,,,,,,,,,
,,,,,,,,,,,,,,,,,,
,,,,,,,,,,,,,,,,,,
,,,,,,,,,,,,,,,,,,
,,,,,,,,,,,,,,,,,,
,,,,,,,,,,,,,,,,,,
,,,,,,,,,,,,,,,,,,
,,,,,,,,,,,,,,,,,,
,,,,,,,,,,,,,,,,,,
,,,,,,,,,,,,,,,,,,
,,,,,,,,,,,,,,,,,,
,,,,,,,,,,,,,,,,,,
,,,,,,,,,,,,,,,,,,
,,,,,,,,,,,,,,,,,,
,,,,,,,,,,,,,,,,,,
,,,,,,,,,,,,,,,,,,
,,,,,,,,,,,,,,,,,,
,,,,,,,,,,,,,,,,,,
,,,,,,,,,,,,,,,,,,
,,,,,,,,,,,,,,,,,,
,,,,,,,,,,,,,,,,,,
,,,,,,,,,,,,,,,,,,
,,,,,,,,,,,,,,,,,,
,,,,,,,,,,,,,,,,,,
,,,,,,,,,,,,,,,,,,
,,,,,,,,,,,,,,,,,,
,,,,,,,,,,,,,,,,,,
,,,,,,,,,,,,,,,,,,
,,,,,,,,,,,,,,,,,,
,,,,,,,,,,,,,,,,,,
,,,,,,,,,,,,,,,,,,
,,,,,,,,,,,,,,,,,,
,,,,,,,,,,,,,,,,,,
,,,,,,,,,,,,,,,,,,
,,,,,,,,,,,,,,,,,,
,,,,,,,,,,,,,,,,,,
,,,,,,,,,,,,,,,,,,
,,,,,,,,,,,,,,,,,,
,,,,,,,,,,,,,,,,,,
,,,,,,,,,,,,,,,,,,
,,,,,,,,,,,,,,,,,,
,,,,,,,,,,,,,,,,,,
,,,,,,,,,,,,,,,,,,
,,,,,,,,,,,,,,,,,,
,,,,,,,,,,,,,,,,,,
,,,,,,,,,,,,,,,,,,
,,,,,,,,,,,,,,,,,,
,,,,,,,,,,,,,,,,,,
,,,,,,,,,,,,,,,,,,
,,,,,,,,,,,,,,,,,,
,,,,,,,,,,,,,,,,,,
,,,,,,,,,,,,,,,,,,
,,,,,,,,,,,,,,,,,,
,,,,,,,,,,,,,,,,,,
,,,,,,,,,,,,,,,,,,
,,,,,,,,,,,,,,,,,,
,,,,,,,,,,,,,,,,,,
,,,,,,,,,,,,,,,,,,
,,,,,,,,,,,,,,,,,,
,,,,,,,,,,,,,,,,,,
,,,,,,,,,,,,,,,,,,
,,,,,,,,,,,,,,,,,,
,,,,,,,,,,,,,,,,,,
,,,,,,,,,,,,,,,,,,
,,,,,,,,,,,,,,,,,,
,,,,,,,,,,,,,,,,,,
,,,,,,,,,,,,,,,,,,
,,,,,,,,,,,,,,,,,,
,,,,,,,,,,,,,,,,,,
,,,,,,,,,,,,,,,,,,
,,,,,,,,,,,,,,,,,,
,,,,,,,,,,,,,,,,,,
,,,,,,,,,,,,,,,,,,
,,,,,,,,,,,,,,,,,,
,,,,,,,,,,,,,,,,,,
,,,,,,,,,,,,,,,,,,
,,,,,,,,,,,,,,,,,,
,,,,,,,,,,,,,,,,,,
,,,,,,,,,,,,,,,,,,
,,,,,,,,,,,,,,,,,,
,,,,,,,,,,,,,,,,,,
,,,,,,,,,,,,,,,,,,
,,,,,,,,,,,,,,,,,,
,,,,,,,,,,,,,,,,,,
,,,,,,,,,,,,,,,,,,
,,,,,,,,,,,,,,,,,,
,,,,,,,,,,,,,,,,,,
,,,,,,,,,,,,,,,,,,
,,,,,,,,,,,,,,,,,,
,,,,,,,,,,,,,,,,,,
,,,,,,,,,,,,,,,,,,
,,,,,,,,,,,,,,,,,,
,,,,,,,,,,,,,,,,,,
,,,,,,,,,,,,,,,,,,
,,,,,,,,,,,,,,,,,,
,,,,,,,,,,,,,,,,,,
,,,,,,,,,,,,,,,,,,
,,,,,,,,,,,,,,,,,,
,,,,,,,,,,,,,,,,,,
,,,,,,,,,,,,,,,,,,
,,,,,,,,,,,,,,,,,,
,,,,,,,,,,,,,,,,,,
,,,,,,,,,,,,,,,,,,
,,,,,,,,,,,,,,,,,,
,,,,,,,,,,,,,,,,,,
,,,,,,,,,,,,,,,,,,
,,,,,,,,,,,,,,,,,,
,,,,,,,,,,,,,,,,,,
,,,,,,,,,,,,,,,,,,
,,,,,,,,,,,,,,,,,,
,,,,,,,,,,,,,,,,,,
,,,,,,,,,,,,,,,,,,
,,,,,,,,,,,,,,,,,,
,,,,,,,,,,,,,,,,,,
,,,,,,,,,,,,,,,,,,
,,,,,,,,,,,,,,,,,,
,,,,,,,,,,,,,,,,,,
,,,,,,,,,,,,,,,,,,
,,,,,,,,,,,,,,,,,,
,,,,,,,,,,,,,,,,,,
,,,,,,,,,,,,,,,,,,
,,,,,,,,,,,,,,,,,,
,,,,,,,,,,,,,,,,,,
,,,,,,,,,,,,,,,,,,
,,,,,,,,,,,,,,,,,,
,,,,,,,,,,,,,,,,,,
,,,,,,,,,,,,,,,,,,
,,,,,,,,,,,,,,,,,,
